colorIMG_52.png,334,151,439,182,Brick
colorIMG_52.png,342,176,442,207,Brick
colorIMG_52.png,333,199,439,234,Brick
colorIMG_52.png,329,224,434,259,Brick
colorIMG_52.png,328,251,432,286,Brick
colorIMG_52.png,329,282,431,308,Brick
colorIMG_52.png,333,309,434,335,Brick
colorIMG_52.png,339,337,439,366,Brick
colorIMG_52.png,442,150,548,198,Brick
colorIMG_52.png,442,178,548,224,Brick
colorIMG_52.png,434,209,538,246,Brick
colorIMG_52.png,429,234,537,271,Brick
colorIMG_52.png,429,259,533,296,Brick
colorIMG_52.png,430,286,534,321,Brick
colorIMG_52.png,434,311,537,347,Brick
colorIMG_52.png,437,342,544,374,Brick
colorIMG_42.png,328,343,430,370,Brick
colorIMG_42.png,328,320,429,346,Brick
colorIMG_42.png,326,282,431,318,Brick
colorIMG_42.png,329,257,433,294,Brick
colorIMG_42.png,328,232,433,269,Brick
colorIMG_42.png,327,208,427,241,Brick
colorIMG_42.png,326,184,427,215,Brick
colorIMG_42.png,326,159,426,191,Brick
colorIMG_42.png,432,162,534,195,Brick
colorIMG_42.png,428,188,529,219,Brick
colorIMG_42.png,426,215,528,245,Brick
colorIMG_42.png,432,241,532,268,Brick
colorIMG_42.png,428,266,535,296,Brick
colorIMG_42.png,428,288,534,322,Brick
colorIMG_42.png,430,315,534,347,Brick
colorIMG_42.png,431,344,534,371,Brick
colorIMG_103.png,322,143,425,181,Brick
colorIMG_103.png,430,152,533,182,Brick
colorIMG_103.png,315,332,417,361,Brick
colorIMG_103.png,321,279,424,309,Brick
colorIMG_103.png,328,169,430,206,Brick
colorIMG_103.png,328,229,430,253,Brick
colorIMG_103.png,430,176,532,207,Brick
colorIMG_103.png,422,330,525,358,Brick
colorIMG_103.png,429,252,531,282,Brick
colorIMG_103.png,430,202,532,232,Brick
colorIMG_103.png,429,228,531,257,Brick
colorIMG_103.png,426,277,528,307,Brick
colorIMG_103.png,327,254,428,284,Brick
colorIMG_103.png,331,198,431,230,Brick
colorIMG_103.png,319,305,422,334,Brick
colorIMG_103.png,423,305,526,331,Brick
colorIMG_99.png,313,331,417,365,Brick
colorIMG_99.png,316,305,418,338,Brick
colorIMG_99.png,323,276,425,306,Brick
colorIMG_99.png,324,243,432,281,Brick
colorIMG_99.png,327,218,432,255,Brick
colorIMG_99.png,328,194,432,233,Brick
colorIMG_99.png,327,170,433,210,Brick
colorIMG_99.png,329,146,434,186,Brick
colorIMG_99.png,415,322,521,369,Brick
colorIMG_99.png,419,297,529,347,Brick
colorIMG_99.png,423,273,527,312,Brick
colorIMG_99.png,428,249,533,283,Brick
colorIMG_99.png,428,228,531,256,Brick
colorIMG_99.png,431,202,532,229,Brick
colorIMG_99.png,428,174,532,203,Brick
colorIMG_99.png,431,151,536,176,Brick
colorIMG_166.png,273,197,353,290,Brick
colorIMG_166.png,295,209,375,302,Brick
colorIMG_166.png,314,224,395,317,Brick
colorIMG_166.png,333,240,415,333,Brick
colorIMG_166.png,356,252,438,346,Brick
colorIMG_166.png,377,271,459,363,Brick
colorIMG_166.png,399,284,483,377,Brick
colorIMG_166.png,417,301,501,393,Brick
colorIMG_166.png,479,223,561,313,Brick
colorIMG_166.png,460,206,542,295,Brick
colorIMG_166.png,438,192,520,282,Brick
colorIMG_166.png,418,176,501,266,Brick
colorIMG_166.png,396,164,478,254,Brick
colorIMG_166.png,376,150,458,238,Brick
colorIMG_166.png,355,133,437,223,Brick
colorIMG_166.png,334,120,416,210,Brick
colorIMG_27.png,313,312,419,347,Brick
colorIMG_27.png,318,286,420,323,Brick
colorIMG_27.png,322,262,426,297,Brick
colorIMG_27.png,322,239,429,275,Brick
colorIMG_27.png,327,213,430,248,Brick
colorIMG_27.png,329,189,432,223,Brick
colorIMG_27.png,330,165,431,198,Brick
colorIMG_27.png,333,137,435,174,Brick
colorIMG_27.png,415,322,521,363,Brick
colorIMG_27.png,420,299,523,339,Brick
colorIMG_27.png,424,274,528,313,Brick
colorIMG_27.png,424,248,529,287,Brick
colorIMG_27.png,427,223,531,264,Brick
colorIMG_27.png,429,197,531,239,Brick
colorIMG_27.png,431,175,535,214,Brick
colorIMG_27.png,437,151,540,191,Brick
colorIMG_132.png,503,146,533,247,Brick
colorIMG_132.png,479,143,509,243,Brick
colorIMG_132.png,454,143,484,244,Brick
colorIMG_132.png,430,140,457,242,Brick
colorIMG_132.png,405,137,432,238,Brick
colorIMG_132.png,381,142,408,243,Brick
colorIMG_132.png,356,142,383,242,Brick
colorIMG_132.png,326,144,355,244,Brick
colorIMG_132.png,325,244,353,345,Brick
colorIMG_132.png,351,242,381,343,Brick
colorIMG_132.png,375,242,404,342,Brick
colorIMG_132.png,401,237,429,340,Brick
colorIMG_132.png,426,241,452,344,Brick
colorIMG_132.png,449,243,479,344,Brick
colorIMG_132.png,474,242,502,344,Brick
colorIMG_132.png,499,247,527,351,Brick
colorIMG_120.png,332,128,434,167,Brick
colorIMG_120.png,432,141,534,173,Brick
colorIMG_120.png,431,165,534,198,Brick
colorIMG_120.png,431,192,535,223,Brick
colorIMG_120.png,431,216,533,247,Brick
colorIMG_120.png,430,241,534,273,Brick
colorIMG_120.png,426,267,527,297,Brick
colorIMG_120.png,427,290,529,322,Brick
colorIMG_120.png,428,316,530,348,Brick
colorIMG_120.png,332,152,433,191,Brick
colorIMG_120.png,331,177,434,215,Brick
colorIMG_120.png,330,200,433,240,Brick
colorIMG_120.png,329,228,432,266,Brick
colorIMG_120.png,323,254,425,289,Brick
colorIMG_120.png,325,284,426,313,Brick
colorIMG_120.png,326,311,426,339,Brick
colorIMG_34.png,305,316,410,356,Brick
colorIMG_34.png,310,290,414,332,Brick
colorIMG_34.png,314,265,420,304,Brick
colorIMG_34.png,320,241,422,280,Brick
colorIMG_34.png,320,214,422,252,Brick
colorIMG_34.png,325,189,427,228,Brick
colorIMG_34.png,327,161,431,203,Brick
colorIMG_34.png,326,137,432,177,Brick
colorIMG_34.png,431,156,533,181,Brick
colorIMG_34.png,428,181,529,205,Brick
colorIMG_34.png,423,202,527,235,Brick
colorIMG_34.png,422,228,527,261,Brick
colorIMG_34.png,420,250,525,292,Brick
colorIMG_34.png,415,281,519,320,Brick
colorIMG_34.png,410,304,515,346,Brick
colorIMG_34.png,407,331,513,372,Brick
colorIMG_55.png,320,330,424,363,Brick
colorIMG_55.png,328,306,435,339,Brick
colorIMG_55.png,332,282,437,314,Brick
colorIMG_55.png,328,257,432,288,Brick
colorIMG_55.png,327,231,433,262,Brick
colorIMG_55.png,336,200,437,232,Brick
colorIMG_55.png,342,175,442,208,Brick
colorIMG_55.png,335,149,439,183,Brick
colorIMG_55.png,442,158,548,195,Brick
colorIMG_55.png,439,182,547,217,Brick
colorIMG_55.png,434,214,537,245,Brick
colorIMG_55.png,430,236,534,270,Brick
colorIMG_55.png,427,265,534,298,Brick
colorIMG_55.png,435,293,537,324,Brick
colorIMG_55.png,433,320,536,349,Brick
colorIMG_55.png,427,343,531,380,Brick
colorIMG_119.png,425,318,527,346,Brick
colorIMG_119.png,319,302,420,341,Brick
colorIMG_119.png,420,292,525,321,Brick
colorIMG_119.png,315,275,416,315,Brick
colorIMG_119.png,422,268,524,295,Brick
colorIMG_119.png,317,251,420,290,Brick
colorIMG_119.png,415,241,518,271,Brick
colorIMG_119.png,313,225,416,264,Brick
colorIMG_119.png,412,216,515,246,Brick
colorIMG_119.png,312,202,415,238,Brick
colorIMG_119.png,328,179,433,218,Brick
colorIMG_119.png,331,156,432,192,Brick
colorIMG_119.png,331,131,436,170,Brick
colorIMG_119.png,430,192,534,222,Brick
colorIMG_119.png,431,166,534,197,Brick
colorIMG_119.png,433,142,534,172,Brick
colorIMG_29.png,316,322,415,351,Brick
colorIMG_29.png,318,294,421,329,Brick
colorIMG_29.png,323,269,427,302,Brick
colorIMG_29.png,319,244,424,279,Brick
colorIMG_29.png,318,220,422,253,Brick
colorIMG_29.png,324,196,425,229,Brick
colorIMG_29.png,327,172,428,203,Brick
colorIMG_29.png,325,146,426,179,Brick
colorIMG_29.png,440,152,544,189,Brick
colorIMG_29.png,430,176,537,215,Brick
colorIMG_29.png,424,200,528,238,Brick
colorIMG_29.png,420,226,522,262,Brick
colorIMG_29.png,420,253,523,286,Brick
colorIMG_29.png,423,278,527,314,Brick
colorIMG_29.png,417,303,525,338,Brick
colorIMG_29.png,416,327,521,364,Brick
colorIMG_128.png,331,145,357,244,Brick
colorIMG_128.png,325,243,355,344,Brick
colorIMG_128.png,351,241,380,344,Brick
colorIMG_128.png,356,144,383,243,Brick
colorIMG_128.png,377,243,404,344,Brick
colorIMG_128.png,380,143,408,243,Brick
colorIMG_128.png,405,140,432,241,Brick
colorIMG_128.png,401,241,429,342,Brick
colorIMG_128.png,425,243,453,344,Brick
colorIMG_128.png,429,142,456,242,Brick
colorIMG_128.png,450,243,477,344,Brick
colorIMG_128.png,475,245,502,347,Brick
colorIMG_128.png,501,244,527,346,Brick
colorIMG_128.png,453,142,482,243,Brick
colorIMG_128.png,477,143,505,243,Brick
colorIMG_128.png,502,144,529,244,Brick
colorIMG_63.png,322,324,426,358,Brick
colorIMG_63.png,323,300,427,333,Brick
colorIMG_63.png,321,272,427,311,Brick
colorIMG_63.png,329,249,433,288,Brick
colorIMG_63.png,330,227,435,261,Brick
colorIMG_63.png,333,204,435,234,Brick
colorIMG_63.png,335,181,434,211,Brick
colorIMG_63.png,331,153,436,187,Brick
colorIMG_63.png,436,163,542,205,Brick
colorIMG_63.png,437,188,544,231,Brick
colorIMG_63.png,434,215,541,257,Brick
colorIMG_63.png,431,237,537,281,Brick
colorIMG_63.png,427,262,538,306,Brick
colorIMG_63.png,423,286,529,331,Brick
colorIMG_63.png,423,311,532,358,Brick
colorIMG_63.png,422,339,529,385,Brick
colorIMG_170.png,402,310,492,398,Brick
colorIMG_170.png,385,292,475,380,Brick
colorIMG_170.png,367,275,455,362,Brick
colorIMG_170.png,352,252,440,341,Brick
colorIMG_170.png,334,236,420,325,Brick
colorIMG_170.png,315,222,400,310,Brick
colorIMG_170.png,297,206,382,294,Brick
colorIMG_170.png,278,189,363,277,Brick
colorIMG_170.png,346,118,428,204,Brick
colorIMG_170.png,368,131,451,218,Brick
colorIMG_170.png,385,149,468,236,Brick
colorIMG_170.png,402,163,488,252,Brick
colorIMG_170.png,421,179,507,268,Brick
colorIMG_170.png,438,200,522,289,Brick
colorIMG_170.png,456,215,540,305,Brick
colorIMG_170.png,472,235,557,325,Brick
colorIMG_109.png,322,139,425,181,Brick
colorIMG_109.png,431,152,533,179,Brick
colorIMG_109.png,328,165,430,206,Brick
colorIMG_109.png,431,175,532,204,Brick
colorIMG_109.png,329,190,432,231,Brick
colorIMG_109.png,431,203,533,231,Brick
colorIMG_109.png,327,217,431,256,Brick
colorIMG_109.png,428,228,531,259,Brick
colorIMG_109.png,325,253,426,280,Brick
colorIMG_109.png,426,251,530,289,Brick
colorIMG_109.png,424,276,526,314,Brick
colorIMG_109.png,322,278,425,307,Brick
colorIMG_109.png,318,302,422,341,Brick
colorIMG_109.png,421,298,526,344,Brick
colorIMG_109.png,415,327,519,367,Brick
colorIMG_109.png,314,332,415,366,Brick
colorIMG_149.png,484,226,552,326,Brick
colorIMG_149.png,462,214,530,313,Brick
colorIMG_149.png,441,200,509,299,Brick
colorIMG_149.png,421,182,489,282,Brick
colorIMG_149.png,431,313,504,415,Brick
colorIMG_149.png,390,288,461,388,Brick
colorIMG_149.png,410,300,481,402,Brick
colorIMG_149.png,401,168,468,269,Brick
colorIMG_149.png,379,157,444,256,Brick
colorIMG_149.png,335,133,400,232,Brick
colorIMG_149.png,357,145,421,243,Brick
colorIMG_149.png,283,223,352,321,Brick
colorIMG_149.png,307,233,377,330,Brick
colorIMG_149.png,330,244,397,342,Brick
colorIMG_149.png,350,258,420,358,Brick
colorIMG_149.png,372,271,442,371,Brick
colorIMG_190.png,435,314,537,371,Brick
colorIMG_190.png,426,292,529,346,Brick
colorIMG_190.png,417,269,519,322,Brick
colorIMG_190.png,408,245,511,300,Brick
colorIMG_190.png,402,221,505,276,Brick
colorIMG_190.png,391,199,492,254,Brick
colorIMG_190.png,384,174,484,230,Brick
colorIMG_190.png,380,150,480,206,Brick
colorIMG_190.png,324,355,430,406,Brick
colorIMG_190.png,320,330,425,381,Brick
colorIMG_190.png,316,305,420,357,Brick
colorIMG_190.png,309,281,413,332,Brick
colorIMG_190.png,305,256,408,308,Brick
colorIMG_190.png,297,233,399,285,Brick
colorIMG_190.png,290,209,392,262,Brick
colorIMG_190.png,284,185,386,237,Brick
colorIMG_32.png,314,321,417,356,Brick
colorIMG_32.png,415,331,522,374,Brick
colorIMG_32.png,414,305,515,347,Brick
colorIMG_32.png,311,295,418,332,Brick
colorIMG_32.png,314,265,421,304,Brick
colorIMG_32.png,416,276,523,315,Brick
colorIMG_32.png,420,251,521,287,Brick
colorIMG_32.png,422,226,526,262,Brick
colorIMG_32.png,424,202,526,237,Brick
colorIMG_32.png,427,180,532,210,Brick
colorIMG_32.png,428,156,529,187,Brick
colorIMG_32.png,318,244,423,278,Brick
colorIMG_32.png,322,217,426,254,Brick
colorIMG_32.png,328,191,427,229,Brick
colorIMG_32.png,327,162,430,202,Brick
colorIMG_32.png,329,138,430,178,Brick
colorIMG_126.png,332,141,358,242,Brick
colorIMG_126.png,325,241,354,342,Brick
colorIMG_126.png,351,241,380,344,Brick
colorIMG_126.png,356,144,383,243,Brick
colorIMG_126.png,377,241,405,342,Brick
colorIMG_126.png,380,139,408,242,Brick
colorIMG_126.png,405,140,432,241,Brick
colorIMG_126.png,401,241,429,342,Brick
colorIMG_126.png,425,243,453,344,Brick
colorIMG_126.png,429,142,456,242,Brick
colorIMG_126.png,450,243,477,344,Brick
colorIMG_126.png,476,243,502,345,Brick
colorIMG_126.png,501,244,527,346,Brick
colorIMG_126.png,452,142,482,241,Brick
colorIMG_126.png,477,143,505,243,Brick
colorIMG_126.png,502,144,529,244,Brick
colorIMG_171.png,401,312,491,399,Brick
colorIMG_171.png,385,293,474,380,Brick
colorIMG_171.png,367,274,455,361,Brick
colorIMG_171.png,352,254,439,342,Brick
colorIMG_171.png,335,236,422,324,Brick
colorIMG_171.png,317,221,404,308,Brick
colorIMG_171.png,301,203,387,291,Brick
colorIMG_171.png,282,185,369,273,Brick
colorIMG_171.png,353,116,439,201,Brick
colorIMG_171.png,371,136,459,219,Brick
colorIMG_171.png,387,156,477,236,Brick
colorIMG_171.png,405,169,497,253,Brick
colorIMG_171.png,424,187,516,271,Brick
colorIMG_171.png,437,207,529,291,Brick
colorIMG_171.png,456,226,548,309,Brick
colorIMG_171.png,472,245,564,329,Brick
colorIMG_12.png,322,324,428,354,Brick
colorIMG_12.png,321,299,426,328,Brick
colorIMG_12.png,321,273,426,302,Brick
colorIMG_12.png,323,250,428,277,Brick
colorIMG_12.png,324,225,428,253,Brick
colorIMG_12.png,326,200,430,227,Brick
colorIMG_12.png,324,175,429,203,Brick
colorIMG_12.png,325,152,428,180,Brick
colorIMG_12.png,424,328,527,357,Brick
colorIMG_12.png,425,302,527,331,Brick
colorIMG_12.png,424,276,529,306,Brick
colorIMG_12.png,424,251,527,279,Brick
colorIMG_12.png,426,227,528,256,Brick
colorIMG_12.png,427,204,531,229,Brick
colorIMG_12.png,427,177,529,203,Brick
colorIMG_12.png,426,152,531,180,Brick
colorIMG_57.png,325,328,428,363,Brick
colorIMG_57.png,327,299,430,339,Brick
colorIMG_57.png,325,274,431,309,Brick
colorIMG_57.png,330,250,434,286,Brick
colorIMG_57.png,330,224,435,261,Brick
colorIMG_57.png,334,197,438,235,Brick
colorIMG_57.png,337,173,440,210,Brick
colorIMG_57.png,340,149,441,187,Brick
colorIMG_57.png,440,163,547,198,Brick
colorIMG_57.png,435,188,541,222,Brick
colorIMG_57.png,434,211,538,245,Brick
colorIMG_57.png,433,236,535,270,Brick
colorIMG_57.png,429,261,537,295,Brick
colorIMG_57.png,428,287,530,320,Brick
colorIMG_57.png,427,310,532,346,Brick
colorIMG_57.png,423,341,528,373,Brick
colorIMG_121.png,332,128,435,166,Brick
colorIMG_121.png,432,142,534,173,Brick
colorIMG_121.png,432,165,534,196,Brick
colorIMG_121.png,330,153,433,191,Brick
colorIMG_121.png,341,181,442,217,Brick
colorIMG_121.png,442,193,544,224,Brick
colorIMG_121.png,330,204,433,240,Brick
colorIMG_121.png,432,216,533,248,Brick
colorIMG_121.png,330,229,431,265,Brick
colorIMG_121.png,437,243,539,275,Brick
colorIMG_121.png,428,264,529,298,Brick
colorIMG_121.png,426,290,529,323,Brick
colorIMG_121.png,428,316,529,348,Brick
colorIMG_121.png,325,311,426,339,Brick
colorIMG_121.png,325,253,430,289,Brick
colorIMG_121.png,321,280,426,313,Brick
colorIMG_145.png,322,145,365,246,Brick
colorIMG_145.png,348,149,393,250,Brick
colorIMG_145.png,373,149,418,249,Brick
colorIMG_145.png,396,158,441,259,Brick
colorIMG_145.png,420,164,464,265,Brick
colorIMG_145.png,444,168,490,272,Brick
colorIMG_145.png,471,177,515,278,Brick
colorIMG_145.png,492,185,537,288,Brick
colorIMG_145.png,295,242,347,343,Brick
colorIMG_145.png,323,245,371,349,Brick
colorIMG_145.png,349,245,397,347,Brick
colorIMG_145.png,374,254,420,360,Brick
colorIMG_145.png,398,261,444,368,Brick
colorIMG_145.png,423,270,469,377,Brick
colorIMG_145.png,449,272,492,378,Brick
colorIMG_145.png,472,281,519,387,Brick
colorIMG_89.png,335,336,436,362,Brick
colorIMG_89.png,337,310,440,338,Brick
colorIMG_89.png,334,285,439,314,Brick
colorIMG_89.png,336,260,439,291,Brick
colorIMG_89.png,336,237,440,266,Brick
colorIMG_89.png,335,210,439,241,Brick
colorIMG_89.png,338,187,440,215,Brick
colorIMG_89.png,336,163,441,189,Brick
colorIMG_89.png,436,340,540,371,Brick
colorIMG_89.png,439,314,544,348,Brick
colorIMG_89.png,437,291,541,322,Brick
colorIMG_89.png,439,265,543,293,Brick
colorIMG_89.png,437,238,542,270,Brick
colorIMG_89.png,436,215,541,243,Brick
colorIMG_89.png,438,189,541,218,Brick
colorIMG_89.png,436,164,540,197,Brick
colorIMG_105.png,322,143,424,180,Brick
colorIMG_105.png,431,152,532,179,Brick
colorIMG_105.png,328,170,429,206,Brick
colorIMG_105.png,430,176,532,204,Brick
colorIMG_105.png,328,199,429,230,Brick
colorIMG_105.png,429,203,532,230,Brick
colorIMG_105.png,328,225,429,253,Brick
colorIMG_105.png,428,227,530,255,Brick
colorIMG_105.png,326,249,428,278,Brick
colorIMG_105.png,426,253,531,281,Brick
colorIMG_105.png,319,275,422,302,Brick
colorIMG_105.png,421,278,522,304,Brick
colorIMG_105.png,319,299,423,328,Brick
colorIMG_105.png,422,302,524,330,Brick
colorIMG_105.png,320,325,421,352,Brick
colorIMG_105.png,421,327,522,355,Brick
colorIMG_198.png,320,332,424,380,Brick
colorIMG_198.png,313,308,418,355,Brick
colorIMG_198.png,307,284,412,331,Brick
colorIMG_198.png,302,260,406,307,Brick
colorIMG_198.png,299,237,403,282,Brick
colorIMG_198.png,294,214,396,259,Brick
colorIMG_198.png,288,191,390,236,Brick
colorIMG_198.png,282,166,385,211,Brick
colorIMG_198.png,379,143,480,189,Brick
colorIMG_198.png,385,167,485,213,Brick
colorIMG_198.png,390,190,494,237,Brick
colorIMG_198.png,397,214,501,260,Brick
colorIMG_198.png,404,238,506,284,Brick
colorIMG_198.png,409,263,511,309,Brick
colorIMG_198.png,414,286,518,335,Brick
colorIMG_198.png,420,311,524,358,Brick
colorIMG_65.png,334,144,440,187,Brick
colorIMG_65.png,337,171,441,216,Brick
colorIMG_65.png,332,195,436,241,Brick
colorIMG_65.png,333,218,437,267,Brick
colorIMG_65.png,328,240,432,292,Brick
colorIMG_65.png,327,271,431,317,Brick
colorIMG_65.png,322,293,428,340,Brick
colorIMG_65.png,316,318,423,366,Brick
colorIMG_65.png,441,164,546,205,Brick
colorIMG_65.png,437,189,541,228,Brick
colorIMG_65.png,434,213,536,253,Brick
colorIMG_65.png,429,239,535,277,Brick
colorIMG_65.png,428,262,538,303,Brick
colorIMG_65.png,427,289,532,329,Brick
colorIMG_65.png,422,314,529,354,Brick
colorIMG_65.png,416,338,525,378,Brick
colorIMG_113.png,416,331,521,380,Brick
colorIMG_113.png,314,333,415,360,Brick
colorIMG_113.png,318,305,419,332,Brick
colorIMG_113.png,420,307,524,355,Brick
colorIMG_113.png,422,280,525,316,Brick
colorIMG_113.png,321,271,421,306,Brick
colorIMG_113.png,323,244,426,279,Brick
colorIMG_113.png,424,250,529,278,Brick
colorIMG_113.png,326,217,428,254,Brick
colorIMG_113.png,427,227,529,254,Brick
colorIMG_113.png,431,202,533,228,Brick
colorIMG_113.png,329,195,431,230,Brick
colorIMG_113.png,330,170,431,205,Brick
colorIMG_113.png,331,146,432,180,Brick
colorIMG_113.png,431,152,533,178,Brick
colorIMG_113.png,430,177,532,203,Brick
colorIMG_66.png,318,341,421,369,Brick
colorIMG_66.png,318,315,421,344,Brick
colorIMG_66.png,323,291,426,317,Brick
colorIMG_66.png,325,266,427,291,Brick
colorIMG_66.png,329,228,433,265,Brick
colorIMG_66.png,335,207,437,241,Brick
colorIMG_66.png,335,183,440,212,Brick
colorIMG_66.png,340,153,444,190,Brick
colorIMG_66.png,440,163,547,199,Brick
colorIMG_66.png,437,188,543,226,Brick
colorIMG_66.png,435,213,538,251,Brick
colorIMG_66.png,430,241,537,276,Brick
colorIMG_66.png,426,266,532,300,Brick
colorIMG_66.png,422,289,527,324,Brick
colorIMG_66.png,421,317,525,351,Brick
colorIMG_66.png,422,342,525,374,Brick
colorIMG_191.png,434,314,536,371,Brick
colorIMG_191.png,424,292,527,347,Brick
colorIMG_191.png,416,269,519,324,Brick
colorIMG_191.png,409,245,511,299,Brick
colorIMG_191.png,400,220,503,276,Brick
colorIMG_191.png,391,198,491,254,Brick
colorIMG_191.png,384,175,484,230,Brick
colorIMG_191.png,380,149,479,207,Brick
colorIMG_191.png,337,350,441,404,Brick
colorIMG_191.png,329,326,432,380,Brick
colorIMG_191.png,321,302,424,357,Brick
colorIMG_191.png,313,279,416,333,Brick
colorIMG_191.png,305,255,407,309,Brick
colorIMG_191.png,297,233,399,286,Brick
colorIMG_191.png,290,209,392,262,Brick
colorIMG_191.png,284,185,386,238,Brick
colorIMG_24.png,314,317,419,351,Brick
colorIMG_24.png,319,293,420,323,Brick
colorIMG_24.png,319,266,422,299,Brick
colorIMG_24.png,321,242,423,274,Brick
colorIMG_24.png,322,215,427,252,Brick
colorIMG_24.png,327,192,427,223,Brick
colorIMG_24.png,329,167,428,201,Brick
colorIMG_24.png,328,144,429,174,Brick
colorIMG_24.png,428,144,534,186,Brick
colorIMG_24.png,426,168,534,207,Brick
colorIMG_24.png,424,201,528,232,Brick
colorIMG_24.png,422,223,527,258,Brick
colorIMG_24.png,421,249,526,283,Brick
colorIMG_24.png,420,277,523,309,Brick
colorIMG_24.png,419,297,523,332,Brick
colorIMG_24.png,417,324,524,360,Brick
colorIMG_44.png,326,159,427,188,Brick
colorIMG_44.png,325,183,425,214,Brick
colorIMG_44.png,327,207,430,236,Brick
colorIMG_44.png,329,231,434,267,Brick
colorIMG_44.png,328,256,431,290,Brick
colorIMG_44.png,327,280,430,316,Brick
colorIMG_44.png,326,306,432,343,Brick
colorIMG_44.png,326,331,430,367,Brick
colorIMG_44.png,427,338,533,369,Brick
colorIMG_44.png,431,314,533,342,Brick
colorIMG_44.png,430,288,533,318,Brick
colorIMG_44.png,429,264,534,296,Brick
colorIMG_44.png,430,238,537,270,Brick
colorIMG_44.png,426,212,531,244,Brick
colorIMG_44.png,429,178,535,220,Brick
colorIMG_44.png,435,150,539,198,Brick
colorIMG_14.png,322,325,428,356,Brick
colorIMG_14.png,423,333,529,362,Brick
colorIMG_14.png,424,308,527,336,Brick
colorIMG_14.png,426,281,529,309,Brick
colorIMG_14.png,426,251,529,283,Brick
colorIMG_14.png,426,227,530,256,Brick
colorIMG_14.png,427,202,531,229,Brick
colorIMG_14.png,426,176,528,204,Brick
colorIMG_14.png,426,148,533,176,Brick
colorIMG_14.png,320,300,425,331,Brick
colorIMG_14.png,324,274,429,307,Brick
colorIMG_14.png,325,250,428,278,Brick
colorIMG_14.png,323,225,428,253,Brick
colorIMG_14.png,326,199,429,229,Brick
colorIMG_14.png,325,172,428,202,Brick
colorIMG_14.png,324,148,428,178,Brick
colorIMG_194.png,435,319,538,371,Brick
colorIMG_194.png,425,295,528,346,Brick
colorIMG_194.png,416,271,519,323,Brick
colorIMG_194.png,405,243,509,298,Brick
colorIMG_194.png,398,220,503,276,Brick
colorIMG_194.png,389,196,491,253,Brick
colorIMG_194.png,382,173,484,229,Brick
colorIMG_194.png,378,150,478,205,Brick
colorIMG_194.png,336,346,441,401,Brick
colorIMG_194.png,327,323,432,378,Brick
colorIMG_194.png,318,299,423,354,Brick
colorIMG_194.png,309,276,413,329,Brick
colorIMG_194.png,302,254,406,304,Brick
colorIMG_194.png,295,232,397,282,Brick
colorIMG_194.png,289,207,390,258,Brick
colorIMG_194.png,284,183,386,233,Brick
colorIMG_61.png,340,150,442,188,Brick
colorIMG_61.png,334,175,443,214,Brick
colorIMG_61.png,335,202,438,236,Brick
colorIMG_61.png,332,223,437,261,Brick
colorIMG_61.png,329,247,434,287,Brick
colorIMG_61.png,322,272,427,311,Brick
colorIMG_61.png,325,298,428,337,Brick
colorIMG_61.png,320,327,423,362,Brick
colorIMG_61.png,450,158,558,213,Brick
colorIMG_61.png,444,185,550,235,Brick
colorIMG_61.png,437,209,544,258,Brick
colorIMG_61.png,434,234,537,283,Brick
colorIMG_61.png,428,259,534,310,Brick
colorIMG_61.png,420,288,527,334,Brick
colorIMG_61.png,425,315,529,358,Brick
colorIMG_61.png,422,342,527,384,Brick
colorIMG_138.png,506,142,535,244,Brick
colorIMG_138.png,482,142,509,244,Brick
colorIMG_138.png,458,140,485,243,Brick
colorIMG_138.png,433,139,459,240,Brick
colorIMG_138.png,408,136,434,237,Brick
colorIMG_138.png,385,137,411,236,Brick
colorIMG_138.png,359,136,385,236,Brick
colorIMG_138.png,334,136,358,236,Brick
colorIMG_138.png,320,236,358,338,Brick
colorIMG_138.png,348,236,384,338,Brick
colorIMG_138.png,374,237,408,342,Brick
colorIMG_138.png,405,238,432,339,Brick
colorIMG_138.png,430,241,456,343,Brick
colorIMG_138.png,455,245,479,347,Brick
colorIMG_138.png,479,245,514,348,Brick
colorIMG_138.png,503,245,539,348,Brick
colorIMG_144.png,319,144,369,243,Brick
colorIMG_144.png,345,149,393,248,Brick
colorIMG_144.png,373,151,417,253,Brick
colorIMG_144.png,396,157,441,259,Brick
colorIMG_144.png,420,164,464,267,Brick
colorIMG_144.png,444,168,491,272,Brick
colorIMG_144.png,469,177,515,279,Brick
colorIMG_144.png,493,182,540,285,Brick
colorIMG_144.png,300,240,342,341,Brick
colorIMG_144.png,327,245,369,347,Brick
colorIMG_144.png,352,247,393,351,Brick
colorIMG_144.png,376,255,419,359,Brick
colorIMG_144.png,401,262,444,366,Brick
colorIMG_144.png,423,271,469,375,Brick
colorIMG_144.png,449,273,493,378,Brick
colorIMG_144.png,473,279,519,385,Brick
colorIMG_183.png,375,330,477,402,Brick
colorIMG_183.png,364,308,465,380,Brick
colorIMG_183.png,351,286,453,358,Brick
colorIMG_183.png,338,265,437,337,Brick
colorIMG_183.png,324,244,423,315,Brick
colorIMG_183.png,315,222,413,292,Brick
colorIMG_183.png,304,200,402,270,Brick
colorIMG_183.png,292,179,390,249,Brick
colorIMG_183.png,379,132,475,199,Brick
colorIMG_183.png,391,153,487,220,Brick
colorIMG_183.png,401,176,498,243,Brick
colorIMG_183.png,412,196,511,265,Brick
colorIMG_183.png,425,217,524,286,Brick
colorIMG_183.png,439,238,539,307,Brick
colorIMG_183.png,452,259,551,330,Brick
colorIMG_183.png,465,283,564,354,Brick
colorIMG_7.png,322,147,423,178,Brick
colorIMG_7.png,322,170,425,201,Brick
colorIMG_7.png,328,196,428,229,Brick
colorIMG_7.png,326,222,430,255,Brick
colorIMG_7.png,330,252,433,279,Brick
colorIMG_7.png,330,278,434,303,Brick
colorIMG_7.png,328,302,431,334,Brick
colorIMG_7.png,328,334,431,358,Brick
colorIMG_7.png,429,330,532,360,Brick
colorIMG_7.png,430,306,533,333,Brick
colorIMG_7.png,431,279,535,305,Brick
colorIMG_7.png,431,251,534,281,Brick
colorIMG_7.png,429,227,530,254,Brick
colorIMG_7.png,429,203,530,229,Brick
colorIMG_7.png,425,179,527,204,Brick
colorIMG_7.png,422,155,528,182,Brick
colorIMG_73.png,339,343,447,385,Brick
colorIMG_73.png,338,315,438,347,Brick
colorIMG_73.png,335,290,443,326,Brick
colorIMG_73.png,336,260,440,294,Brick
colorIMG_73.png,335,238,439,266,Brick
colorIMG_73.png,341,208,447,240,Brick
colorIMG_73.png,345,184,447,214,Brick
colorIMG_73.png,343,150,444,183,Brick
colorIMG_73.png,443,344,547,381,Brick
colorIMG_73.png,438,321,547,357,Brick
colorIMG_73.png,440,293,544,329,Brick
colorIMG_73.png,439,269,546,303,Brick
colorIMG_73.png,435,239,541,273,Brick
colorIMG_73.png,440,213,548,251,Brick
colorIMG_73.png,445,188,548,220,Brick
colorIMG_73.png,451,162,555,195,Brick
colorIMG_67.png,341,163,444,192,Brick
colorIMG_67.png,337,188,440,221,Brick
colorIMG_67.png,334,213,435,243,Brick
colorIMG_67.png,330,240,431,267,Brick
colorIMG_67.png,323,266,427,294,Brick
colorIMG_67.png,324,291,426,319,Brick
colorIMG_67.png,320,315,422,344,Brick
colorIMG_67.png,319,341,423,369,Brick
colorIMG_67.png,439,340,543,372,Brick
colorIMG_67.png,428,314,532,345,Brick
colorIMG_67.png,427,291,529,319,Brick
colorIMG_67.png,426,265,533,291,Brick
colorIMG_67.png,431,237,537,267,Brick
colorIMG_67.png,434,215,537,241,Brick
colorIMG_67.png,439,189,543,218,Brick
colorIMG_67.png,443,162,547,195,Brick
colorIMG_25.png,316,314,419,345,Brick
colorIMG_25.png,317,291,421,320,Brick
colorIMG_25.png,317,265,423,296,Brick
colorIMG_25.png,320,241,422,270,Brick
colorIMG_25.png,323,215,428,247,Brick
colorIMG_25.png,323,191,429,220,Brick
colorIMG_25.png,326,169,426,196,Brick
colorIMG_25.png,324,144,429,172,Brick
colorIMG_25.png,429,145,534,181,Brick
colorIMG_25.png,429,169,535,205,Brick
colorIMG_25.png,426,193,530,231,Brick
colorIMG_25.png,425,218,531,256,Brick
colorIMG_25.png,422,244,527,282,Brick
colorIMG_25.png,420,265,525,308,Brick
colorIMG_25.png,416,293,523,334,Brick
colorIMG_25.png,413,314,521,362,Brick
colorIMG_117.png,331,130,435,169,Brick
colorIMG_117.png,431,142,534,174,Brick
colorIMG_117.png,332,156,432,193,Brick
colorIMG_117.png,432,166,534,197,Brick
colorIMG_117.png,432,194,534,223,Brick
colorIMG_117.png,330,180,432,217,Brick
colorIMG_117.png,312,199,415,241,Brick
colorIMG_117.png,411,218,514,248,Brick
colorIMG_117.png,313,224,416,266,Brick
colorIMG_117.png,414,242,518,275,Brick
colorIMG_117.png,421,268,524,301,Brick
colorIMG_117.png,420,294,524,327,Brick
colorIMG_117.png,419,319,526,363,Brick
colorIMG_117.png,317,301,419,351,Brick
colorIMG_117.png,318,250,421,292,Brick
colorIMG_117.png,314,275,417,319,Brick
colorIMG_169.png,411,299,494,393,Brick
colorIMG_169.png,390,286,473,380,Brick
colorIMG_169.png,373,266,457,360,Brick
colorIMG_169.png,356,248,438,342,Brick
colorIMG_169.png,337,234,418,328,Brick
colorIMG_169.png,317,222,398,313,Brick
colorIMG_169.png,297,207,378,300,Brick
colorIMG_169.png,277,193,359,285,Brick
colorIMG_169.png,475,222,557,314,Brick
colorIMG_169.png,456,207,537,299,Brick
colorIMG_169.png,437,190,519,282,Brick
colorIMG_169.png,418,172,500,264,Brick
colorIMG_169.png,398,157,480,248,Brick
colorIMG_169.png,377,145,457,235,Brick
colorIMG_169.png,358,130,437,220,Brick
colorIMG_169.png,337,116,418,204,Brick
colorIMG_31.png,313,321,418,354,Brick
colorIMG_31.png,312,297,416,329,Brick
colorIMG_31.png,315,270,418,305,Brick
colorIMG_31.png,321,241,420,277,Brick
colorIMG_31.png,325,217,426,254,Brick
colorIMG_31.png,324,192,424,225,Brick
colorIMG_31.png,328,162,427,203,Brick
colorIMG_31.png,327,138,431,179,Brick
colorIMG_31.png,415,331,519,361,Brick
colorIMG_31.png,416,306,520,334,Brick
colorIMG_31.png,415,278,520,308,Brick
colorIMG_31.png,419,253,521,284,Brick
colorIMG_31.png,421,227,524,258,Brick
colorIMG_31.png,424,204,528,238,Brick
colorIMG_31.png,427,181,530,212,Brick
colorIMG_31.png,428,157,532,185,Brick
colorIMG_150.png,480,239,553,337,Brick
colorIMG_150.png,459,225,533,323,Brick
colorIMG_150.png,441,210,514,305,Brick
colorIMG_150.png,423,191,497,286,Brick
colorIMG_150.png,402,177,476,274,Brick
colorIMG_150.png,383,162,458,257,Brick
colorIMG_150.png,363,147,437,242,Brick
colorIMG_150.png,341,137,415,232,Brick
colorIMG_150.png,283,219,359,313,Brick
colorIMG_150.png,304,232,381,328,Brick
colorIMG_150.png,326,244,402,340,Brick
colorIMG_150.png,344,261,421,357,Brick
colorIMG_150.png,366,275,443,370,Brick
colorIMG_150.png,384,292,462,388,Brick
colorIMG_150.png,403,309,480,405,Brick
colorIMG_150.png,422,323,501,421,Brick
colorIMG_178.png,466,285,565,352,Brick
colorIMG_178.png,454,264,554,330,Brick
colorIMG_178.png,440,242,541,309,Brick
colorIMG_178.png,426,222,525,288,Brick
colorIMG_178.png,412,200,513,266,Brick
colorIMG_178.png,398,181,497,246,Brick
colorIMG_178.png,386,160,483,225,Brick
colorIMG_178.png,370,140,467,205,Brick
colorIMG_178.png,285,186,380,263,Brick
colorIMG_178.png,302,205,396,284,Brick
colorIMG_178.png,317,225,409,306,Brick
colorIMG_178.png,330,246,423,327,Brick
colorIMG_178.png,343,267,436,348,Brick
colorIMG_178.png,358,287,452,369,Brick
colorIMG_178.png,369,310,465,392,Brick
colorIMG_178.png,385,333,478,419,Brick
colorIMG_77.png,334,340,441,386,Brick
colorIMG_77.png,439,350,544,388,Brick
colorIMG_77.png,440,325,542,356,Brick
colorIMG_77.png,437,297,544,327,Brick
colorIMG_77.png,436,271,544,302,Brick
colorIMG_77.png,437,245,543,277,Brick
colorIMG_77.png,440,221,544,250,Brick
colorIMG_77.png,442,192,546,225,Brick
colorIMG_77.png,448,171,553,203,Brick
colorIMG_77.png,333,314,437,350,Brick
colorIMG_77.png,336,291,438,324,Brick
colorIMG_77.png,334,260,441,296,Brick
colorIMG_77.png,337,238,442,272,Brick
colorIMG_77.png,339,213,442,245,Brick
colorIMG_77.png,344,189,444,219,Brick
colorIMG_77.png,333,164,434,193,Brick
colorIMG_163.png,416,299,494,396,Brick
colorIMG_163.png,396,284,473,381,Brick
colorIMG_163.png,373,270,453,367,Brick
colorIMG_163.png,354,254,434,350,Brick
colorIMG_163.png,333,241,412,337,Brick
colorIMG_163.png,313,226,392,321,Brick
colorIMG_163.png,294,211,373,306,Brick
colorIMG_163.png,273,198,352,292,Brick
colorIMG_163.png,335,122,414,212,Brick
colorIMG_163.png,356,134,435,225,Brick
colorIMG_163.png,375,152,456,242,Brick
colorIMG_163.png,394,165,478,256,Brick
colorIMG_163.png,416,178,498,269,Brick
colorIMG_163.png,435,194,518,286,Brick
colorIMG_163.png,456,208,539,300,Brick
colorIMG_163.png,476,224,558,315,Brick
colorIMG_41.png,327,344,433,371,Brick
colorIMG_41.png,327,317,430,345,Brick
colorIMG_41.png,326,293,430,319,Brick
colorIMG_41.png,326,266,432,294,Brick
colorIMG_41.png,328,237,430,270,Brick
colorIMG_41.png,326,207,428,242,Brick
colorIMG_41.png,326,184,427,216,Brick
colorIMG_41.png,325,158,427,191,Brick
colorIMG_41.png,431,343,534,370,Brick
colorIMG_41.png,430,315,534,347,Brick
colorIMG_41.png,428,289,534,323,Brick
colorIMG_41.png,428,263,531,295,Brick
colorIMG_41.png,431,240,534,271,Brick
colorIMG_41.png,426,214,530,245,Brick
colorIMG_41.png,426,186,530,219,Brick
colorIMG_41.png,433,163,537,196,Brick
colorIMG_130.png,503,138,539,243,Brick
colorIMG_130.png,479,141,508,243,Brick
colorIMG_130.png,454,142,482,242,Brick
colorIMG_130.png,430,139,457,240,Brick
colorIMG_130.png,407,141,433,241,Brick
colorIMG_130.png,381,142,408,243,Brick
colorIMG_130.png,356,141,383,241,Brick
colorIMG_130.png,326,144,355,244,Brick
colorIMG_130.png,325,244,353,345,Brick
colorIMG_130.png,351,242,381,343,Brick
colorIMG_130.png,375,242,404,342,Brick
colorIMG_130.png,400,241,429,342,Brick
colorIMG_130.png,430,241,458,344,Brick
colorIMG_130.png,453,243,487,345,Brick
colorIMG_130.png,479,243,511,346,Brick
colorIMG_130.png,505,242,536,346,Brick
colorIMG_51.png,337,335,440,364,Brick
colorIMG_51.png,332,310,436,336,Brick
colorIMG_51.png,329,283,431,309,Brick
colorIMG_51.png,329,252,434,284,Brick
colorIMG_51.png,334,225,438,261,Brick
colorIMG_51.png,337,201,436,233,Brick
colorIMG_51.png,339,176,443,208,Brick
colorIMG_51.png,337,150,440,183,Brick
colorIMG_51.png,434,159,541,193,Brick
colorIMG_51.png,443,184,543,218,Brick
colorIMG_51.png,434,211,537,241,Brick
colorIMG_51.png,436,237,538,267,Brick
colorIMG_51.png,430,262,531,290,Brick
colorIMG_51.png,430,286,534,316,Brick
colorIMG_51.png,433,314,537,342,Brick
colorIMG_51.png,438,343,543,374,Brick
colorIMG_22.png,316,328,422,356,Brick
colorIMG_22.png,319,299,422,331,Brick
colorIMG_22.png,321,268,425,303,Brick
colorIMG_22.png,323,244,426,276,Brick
colorIMG_22.png,326,218,430,253,Brick
colorIMG_22.png,327,191,430,228,Brick
colorIMG_22.png,326,168,429,202,Brick
colorIMG_22.png,326,144,429,176,Brick
colorIMG_22.png,418,330,525,366,Brick
colorIMG_22.png,419,306,526,342,Brick
colorIMG_22.png,422,281,527,312,Brick
colorIMG_22.png,422,251,527,287,Brick
colorIMG_22.png,424,226,531,263,Brick
colorIMG_22.png,427,201,532,233,Brick
colorIMG_22.png,428,177,531,206,Brick
colorIMG_22.png,428,148,531,176,Brick
colorIMG_13.png,322,328,427,358,Brick
colorIMG_13.png,424,333,527,366,Brick
colorIMG_13.png,424,307,527,341,Brick
colorIMG_13.png,427,280,529,312,Brick
colorIMG_13.png,322,301,425,331,Brick
colorIMG_13.png,324,275,427,305,Brick
colorIMG_13.png,324,250,428,280,Brick
colorIMG_13.png,425,252,530,283,Brick
colorIMG_13.png,428,228,530,256,Brick
colorIMG_13.png,426,201,529,231,Brick
colorIMG_13.png,426,175,528,205,Brick
colorIMG_13.png,426,146,531,177,Brick
colorIMG_13.png,323,223,428,255,Brick
colorIMG_13.png,326,200,429,227,Brick
colorIMG_13.png,327,171,429,202,Brick
colorIMG_13.png,325,147,428,179,Brick
colorIMG_36.png,310,316,411,355,Brick
colorIMG_36.png,306,291,414,332,Brick
colorIMG_36.png,313,267,421,305,Brick
colorIMG_36.png,320,242,422,280,Brick
colorIMG_36.png,317,217,426,254,Brick
colorIMG_36.png,326,190,428,231,Brick
colorIMG_36.png,329,169,432,209,Brick
colorIMG_36.png,332,146,431,183,Brick
colorIMG_36.png,430,155,535,183,Brick
colorIMG_36.png,428,181,532,209,Brick
colorIMG_36.png,424,205,530,237,Brick
colorIMG_36.png,421,229,523,265,Brick
colorIMG_36.png,420,256,522,296,Brick
colorIMG_36.png,416,281,519,320,Brick
colorIMG_36.png,412,305,516,346,Brick
colorIMG_36.png,409,331,516,371,Brick
colorIMG_115.png,328,144,432,171,Brick
colorIMG_115.png,431,144,533,173,Brick
colorIMG_115.png,326,192,430,219,Brick
colorIMG_115.png,329,168,429,195,Brick
colorIMG_115.png,431,168,535,197,Brick
colorIMG_115.png,431,194,535,227,Brick
colorIMG_115.png,429,218,531,252,Brick
colorIMG_115.png,327,217,427,242,Brick
colorIMG_115.png,323,242,424,268,Brick
colorIMG_115.png,425,241,529,278,Brick
colorIMG_115.png,320,268,421,292,Brick
colorIMG_115.png,423,268,525,302,Brick
colorIMG_115.png,419,290,524,330,Brick
colorIMG_115.png,318,292,420,316,Brick
colorIMG_115.png,317,317,418,345,Brick
colorIMG_115.png,417,316,522,365,Brick
colorIMG_124.png,331,142,359,243,Brick
colorIMG_124.png,356,143,383,243,Brick
colorIMG_124.png,380,140,408,242,Brick
colorIMG_124.png,403,141,432,241,Brick
colorIMG_124.png,429,142,456,243,Brick
colorIMG_124.png,453,143,480,244,Brick
colorIMG_124.png,478,143,504,244,Brick
colorIMG_124.png,503,144,530,245,Brick
colorIMG_124.png,325,241,352,343,Brick
colorIMG_124.png,351,242,379,345,Brick
colorIMG_124.png,375,241,403,343,Brick
colorIMG_124.png,400,240,429,343,Brick
colorIMG_124.png,424,242,452,344,Brick
colorIMG_124.png,449,244,476,346,Brick
colorIMG_124.png,474,243,502,346,Brick
colorIMG_124.png,499,244,526,347,Brick
colorIMG_133.png,503,146,533,247,Brick
colorIMG_133.png,479,143,509,243,Brick
colorIMG_133.png,454,143,484,244,Brick
colorIMG_133.png,430,140,457,242,Brick
colorIMG_133.png,405,137,432,238,Brick
colorIMG_133.png,381,142,408,243,Brick
colorIMG_133.png,356,142,383,242,Brick
colorIMG_133.png,326,144,355,244,Brick
colorIMG_133.png,325,244,353,345,Brick
colorIMG_133.png,351,242,381,343,Brick
colorIMG_133.png,375,242,404,342,Brick
colorIMG_133.png,401,237,429,340,Brick
colorIMG_133.png,426,241,452,344,Brick
colorIMG_133.png,449,243,479,344,Brick
colorIMG_133.png,474,242,502,344,Brick
colorIMG_133.png,499,247,527,351,Brick
colorIMG_0.png,327,154,431,182,Brick
colorIMG_0.png,326,178,431,204,Brick
colorIMG_0.png,325,203,429,229,Brick
colorIMG_0.png,325,226,431,254,Brick
colorIMG_0.png,323,253,429,277,Brick
colorIMG_0.png,322,276,427,303,Brick
colorIMG_0.png,321,301,426,332,Brick
colorIMG_0.png,322,326,427,354,Brick
colorIMG_0.png,424,301,526,331,Brick
colorIMG_0.png,424,275,528,304,Brick
colorIMG_0.png,426,251,529,283,Brick
colorIMG_0.png,428,227,531,256,Brick
colorIMG_0.png,426,203,527,228,Brick
colorIMG_0.png,427,177,530,203,Brick
colorIMG_0.png,427,152,530,181,Brick
colorIMG_0.png,425,327,527,354,Brick
colorIMG_153.png,420,331,496,429,Brick
colorIMG_153.png,400,316,476,415,Brick
colorIMG_153.png,378,302,453,400,Brick
colorIMG_153.png,357,289,433,387,Brick
colorIMG_153.png,335,275,411,373,Brick
colorIMG_153.png,391,191,467,290,Brick
colorIMG_153.png,314,262,388,360,Brick
colorIMG_153.png,292,250,366,347,Brick
colorIMG_153.png,272,236,343,333,Brick
colorIMG_153.png,480,250,555,347,Brick
colorIMG_153.png,458,234,533,331,Brick
colorIMG_153.png,435,221,507,315,Brick
colorIMG_153.png,413,207,486,302,Brick
colorIMG_153.png,371,182,443,277,Brick
colorIMG_153.png,350,169,423,263,Brick
colorIMG_153.png,329,155,402,250,Brick
colorIMG_19.png,318,322,426,357,Brick
colorIMG_19.png,320,296,426,329,Brick
colorIMG_19.png,421,329,529,359,Brick
colorIMG_19.png,422,306,528,334,Brick
colorIMG_19.png,425,280,525,310,Brick
colorIMG_19.png,425,251,529,285,Brick
colorIMG_19.png,321,269,427,305,Brick
colorIMG_19.png,325,248,428,278,Brick
colorIMG_19.png,428,227,533,259,Brick
colorIMG_19.png,427,202,530,233,Brick
colorIMG_19.png,428,177,532,205,Brick
colorIMG_19.png,430,152,536,181,Brick
colorIMG_19.png,325,223,432,252,Brick
colorIMG_19.png,329,195,430,226,Brick
colorIMG_19.png,326,168,429,204,Brick
colorIMG_19.png,327,144,428,177,Brick
colorIMG_186.png,343,348,447,410,Brick
colorIMG_186.png,334,324,438,386,Brick
colorIMG_186.png,327,300,429,362,Brick
colorIMG_186.png,316,278,420,339,Brick
colorIMG_186.png,307,255,410,316,Brick
colorIMG_186.png,299,233,400,294,Brick
colorIMG_186.png,289,211,390,271,Brick
colorIMG_186.png,278,190,379,248,Brick
colorIMG_186.png,373,151,474,210,Brick
colorIMG_186.png,382,174,482,232,Brick
colorIMG_186.png,391,197,491,255,Brick
colorIMG_186.png,401,218,504,277,Brick
colorIMG_186.png,411,243,513,300,Brick
colorIMG_186.png,421,266,524,323,Brick
colorIMG_186.png,431,290,533,346,Brick
colorIMG_186.png,438,313,541,369,Brick
colorIMG_177.png,376,301,472,382,Brick
colorIMG_177.png,388,323,484,403,Brick
colorIMG_177.png,360,281,456,362,Brick
colorIMG_177.png,343,263,440,343,Brick
colorIMG_177.png,329,244,425,322,Brick
colorIMG_177.png,314,224,409,304,Brick
colorIMG_177.png,298,205,393,285,Brick
colorIMG_177.png,279,189,375,267,Brick
colorIMG_177.png,361,129,452,207,Brick
colorIMG_177.png,378,146,470,225,Brick
colorIMG_177.png,394,165,486,243,Brick
colorIMG_177.png,409,184,504,263,Brick
colorIMG_177.png,425,203,519,283,Brick
colorIMG_177.png,441,224,536,301,Brick
colorIMG_177.png,457,244,552,321,Brick
colorIMG_177.png,470,266,564,343,Brick
colorIMG_47.png,322,331,425,363,Brick
colorIMG_47.png,326,304,428,336,Brick
colorIMG_47.png,328,277,432,307,Brick
colorIMG_47.png,329,253,433,284,Brick
colorIMG_47.png,328,229,432,261,Brick
colorIMG_47.png,332,202,433,235,Brick
colorIMG_47.png,333,179,435,207,Brick
colorIMG_47.png,334,152,437,185,Brick
colorIMG_47.png,435,161,541,192,Brick
colorIMG_47.png,434,188,538,217,Brick
colorIMG_47.png,431,210,536,243,Brick
colorIMG_47.png,431,236,533,270,Brick
colorIMG_47.png,430,261,534,300,Brick
colorIMG_47.png,431,281,537,329,Brick
colorIMG_47.png,427,311,533,356,Brick
colorIMG_47.png,424,333,531,381,Brick
colorIMG_168.png,413,300,495,393,Brick
colorIMG_168.png,392,287,474,380,Brick
colorIMG_168.png,374,267,455,361,Brick
colorIMG_168.png,355,249,436,342,Brick
colorIMG_168.png,333,235,414,328,Brick
colorIMG_168.png,314,221,395,314,Brick
colorIMG_168.png,295,207,377,298,Brick
colorIMG_168.png,276,191,357,284,Brick
colorIMG_168.png,474,222,556,313,Brick
colorIMG_168.png,456,207,537,297,Brick
colorIMG_168.png,437,191,518,281,Brick
colorIMG_168.png,417,173,499,264,Brick
colorIMG_168.png,398,154,482,247,Brick
colorIMG_168.png,376,145,457,235,Brick
colorIMG_168.png,357,130,438,219,Brick
colorIMG_168.png,336,115,419,203,Brick
colorIMG_68.png,342,163,442,192,Brick
colorIMG_68.png,337,189,440,216,Brick
colorIMG_68.png,332,214,433,244,Brick
colorIMG_68.png,326,240,430,267,Brick
colorIMG_68.png,320,263,426,291,Brick
colorIMG_68.png,329,290,432,317,Brick
colorIMG_68.png,335,315,438,342,Brick
colorIMG_68.png,336,340,438,367,Brick
colorIMG_68.png,436,342,541,368,Brick
colorIMG_68.png,442,314,545,344,Brick
colorIMG_68.png,430,289,531,318,Brick
colorIMG_68.png,423,265,527,292,Brick
colorIMG_68.png,428,240,533,270,Brick
colorIMG_68.png,431,215,537,243,Brick
colorIMG_68.png,438,188,543,220,Brick
colorIMG_68.png,442,163,546,196,Brick
colorIMG_180.png,375,330,477,400,Brick
colorIMG_180.png,364,308,465,378,Brick
colorIMG_180.png,350,286,452,356,Brick
colorIMG_180.png,337,265,437,337,Brick
colorIMG_180.png,324,244,424,316,Brick
colorIMG_180.png,315,223,413,292,Brick
colorIMG_180.png,305,201,402,270,Brick
colorIMG_180.png,293,180,390,248,Brick
colorIMG_180.png,465,285,566,352,Brick
colorIMG_180.png,453,263,554,330,Brick
colorIMG_180.png,440,242,541,309,Brick
colorIMG_180.png,425,222,525,288,Brick
colorIMG_180.png,412,200,514,266,Brick
colorIMG_180.png,401,176,499,245,Brick
colorIMG_180.png,391,154,488,223,Brick
colorIMG_180.png,378,131,475,199,Brick
colorIMG_125.png,332,141,358,243,Brick
colorIMG_125.png,357,142,384,244,Brick
colorIMG_125.png,381,140,408,242,Brick
colorIMG_125.png,403,141,432,241,Brick
colorIMG_125.png,429,142,456,243,Brick
colorIMG_125.png,453,143,480,244,Brick
colorIMG_125.png,478,143,504,244,Brick
colorIMG_125.png,503,144,529,245,Brick
colorIMG_125.png,325,241,355,343,Brick
colorIMG_125.png,352,242,381,344,Brick
colorIMG_125.png,377,242,405,342,Brick
colorIMG_125.png,402,240,429,343,Brick
colorIMG_125.png,427,242,453,344,Brick
colorIMG_125.png,451,243,478,345,Brick
colorIMG_125.png,476,243,502,346,Brick
colorIMG_125.png,502,245,528,347,Brick
colorIMG_201.png,309,338,408,383,Brick
colorIMG_201.png,308,315,407,359,Brick
colorIMG_201.png,306,291,404,335,Brick
colorIMG_201.png,301,267,398,310,Brick
colorIMG_201.png,305,244,401,285,Brick
colorIMG_201.png,293,224,389,265,Brick
colorIMG_201.png,287,201,383,242,Brick
colorIMG_201.png,283,180,378,218,Brick
colorIMG_201.png,403,318,501,363,Brick
colorIMG_201.png,403,293,499,338,Brick
colorIMG_201.png,400,270,496,314,Brick
colorIMG_201.png,394,248,491,291,Brick
colorIMG_201.png,395,222,493,266,Brick
colorIMG_201.png,384,202,481,245,Brick
colorIMG_201.png,378,179,473,223,Brick
colorIMG_201.png,374,158,468,200,Brick
colorIMG_107.png,322,143,425,181,Brick
colorIMG_107.png,430,151,534,180,Brick
colorIMG_107.png,328,169,430,206,Brick
colorIMG_107.png,429,175,532,204,Brick
colorIMG_107.png,328,199,430,230,Brick
colorIMG_107.png,429,203,532,232,Brick
colorIMG_107.png,327,225,430,254,Brick
colorIMG_107.png,426,227,530,259,Brick
colorIMG_107.png,323,249,427,278,Brick
colorIMG_107.png,424,252,529,288,Brick
colorIMG_107.png,321,278,424,305,Brick
colorIMG_107.png,423,277,526,313,Brick
colorIMG_107.png,320,303,422,329,Brick
colorIMG_107.png,423,303,525,338,Brick
colorIMG_107.png,315,329,416,357,Brick
colorIMG_107.png,415,328,520,363,Brick
colorIMG_21.png,321,327,425,354,Brick
colorIMG_21.png,322,299,426,329,Brick
colorIMG_21.png,322,272,425,304,Brick
colorIMG_21.png,325,247,426,278,Brick
colorIMG_21.png,325,219,430,252,Brick
colorIMG_21.png,328,191,430,228,Brick
colorIMG_21.png,326,169,428,201,Brick
colorIMG_21.png,327,144,428,175,Brick
colorIMG_21.png,423,333,528,362,Brick
colorIMG_21.png,422,309,528,337,Brick
colorIMG_21.png,424,279,527,311,Brick
colorIMG_21.png,426,252,529,284,Brick
colorIMG_21.png,428,227,530,260,Brick
colorIMG_21.png,428,204,532,231,Brick
colorIMG_21.png,427,177,530,205,Brick
colorIMG_21.png,427,149,531,178,Brick
colorIMG_151.png,427,322,502,421,Brick
colorIMG_151.png,407,308,480,407,Brick
colorIMG_151.png,388,293,461,392,Brick
colorIMG_151.png,370,276,443,375,Brick
colorIMG_151.png,349,263,422,363,Brick
colorIMG_151.png,325,251,396,349,Brick
colorIMG_151.png,304,239,374,337,Brick
colorIMG_151.png,281,226,352,324,Brick
colorIMG_151.png,336,143,403,240,Brick
colorIMG_151.png,357,155,424,252,Brick
colorIMG_151.png,379,167,446,264,Brick
colorIMG_151.png,401,176,472,275,Brick
colorIMG_151.png,425,191,492,287,Brick
colorIMG_151.png,443,208,510,304,Brick
colorIMG_151.png,464,221,530,319,Brick
colorIMG_151.png,486,232,552,331,Brick
colorIMG_72.png,334,344,439,375,Brick
colorIMG_72.png,340,320,440,348,Brick
colorIMG_72.png,342,292,443,323,Brick
colorIMG_72.png,338,258,442,296,Brick
colorIMG_72.png,336,234,441,268,Brick
colorIMG_72.png,343,208,445,240,Brick
colorIMG_72.png,344,181,446,212,Brick
colorIMG_72.png,340,152,445,184,Brick
colorIMG_72.png,452,163,557,194,Brick
colorIMG_72.png,436,344,544,401,Brick
colorIMG_72.png,437,321,545,361,Brick
colorIMG_72.png,438,295,546,328,Brick
colorIMG_72.png,439,271,548,301,Brick
colorIMG_72.png,435,242,541,273,Brick
colorIMG_72.png,440,216,549,250,Brick
colorIMG_72.png,443,188,549,221,Brick
colorIMG_93.png,318,336,422,365,Brick
colorIMG_93.png,327,304,431,338,Brick
colorIMG_93.png,325,273,429,313,Brick
colorIMG_93.png,323,247,429,288,Brick
colorIMG_93.png,327,221,432,265,Brick
colorIMG_93.png,326,194,434,241,Brick
colorIMG_93.png,327,169,430,216,Brick
colorIMG_93.png,328,145,433,190,Brick
colorIMG_93.png,431,154,536,182,Brick
colorIMG_93.png,429,176,532,205,Brick
colorIMG_93.png,429,205,534,229,Brick
colorIMG_93.png,427,231,532,257,Brick
colorIMG_93.png,429,255,532,281,Brick
colorIMG_93.png,428,280,531,306,Brick
colorIMG_93.png,427,305,532,331,Brick
colorIMG_93.png,427,330,531,357,Brick
colorIMG_146.png,329,137,394,236,Brick
colorIMG_146.png,353,145,416,245,Brick
colorIMG_146.png,377,153,440,251,Brick
colorIMG_146.png,399,162,461,261,Brick
colorIMG_146.png,419,177,483,277,Brick
colorIMG_146.png,441,187,505,288,Brick
colorIMG_146.png,467,196,528,296,Brick
colorIMG_146.png,490,213,546,314,Brick
colorIMG_146.png,448,303,506,409,Brick
colorIMG_146.png,428,287,487,390,Brick
colorIMG_146.png,403,280,464,384,Brick
colorIMG_146.png,380,268,441,372,Brick
colorIMG_146.png,358,256,420,360,Brick
colorIMG_146.png,337,242,399,344,Brick
colorIMG_146.png,311,238,376,337,Brick
colorIMG_146.png,282,227,352,324,Brick
colorIMG_88.png,337,334,439,364,Brick
colorIMG_88.png,337,309,438,339,Brick
colorIMG_88.png,333,283,439,315,Brick
colorIMG_88.png,336,259,440,291,Brick
colorIMG_88.png,335,237,438,266,Brick
colorIMG_88.png,337,210,439,240,Brick
colorIMG_88.png,340,187,440,215,Brick
colorIMG_88.png,335,161,441,190,Brick
colorIMG_88.png,437,162,541,196,Brick
colorIMG_88.png,438,190,543,219,Brick
colorIMG_88.png,436,215,540,244,Brick
colorIMG_88.png,437,241,541,270,Brick
colorIMG_88.png,438,265,544,296,Brick
colorIMG_88.png,437,290,542,330,Brick
colorIMG_88.png,439,317,546,362,Brick
colorIMG_88.png,439,343,546,389,Brick
colorIMG_33.png,308,327,410,354,Brick
colorIMG_33.png,310,302,414,331,Brick
colorIMG_33.png,314,269,418,302,Brick
colorIMG_33.png,318,244,424,278,Brick
colorIMG_33.png,321,217,427,252,Brick
colorIMG_33.png,324,187,427,227,Brick
colorIMG_33.png,328,161,430,201,Brick
colorIMG_33.png,326,135,432,179,Brick
colorIMG_33.png,428,155,532,183,Brick
colorIMG_33.png,429,180,533,209,Brick
colorIMG_33.png,424,204,527,235,Brick
colorIMG_33.png,424,227,527,259,Brick
colorIMG_33.png,421,252,523,289,Brick
colorIMG_33.png,414,279,519,318,Brick
colorIMG_33.png,413,305,517,345,Brick
colorIMG_33.png,406,328,514,371,Brick
colorIMG_100.png,320,154,421,184,Brick
colorIMG_100.png,428,151,533,184,Brick
colorIMG_100.png,314,333,415,362,Brick
colorIMG_100.png,322,277,425,304,Brick
colorIMG_100.png,324,179,425,207,Brick
colorIMG_100.png,327,229,430,253,Brick
colorIMG_100.png,430,176,532,207,Brick
colorIMG_100.png,416,323,521,367,Brick
colorIMG_100.png,427,252,532,284,Brick
colorIMG_100.png,430,204,533,234,Brick
colorIMG_100.png,429,228,532,259,Brick
colorIMG_100.png,425,276,528,308,Brick
colorIMG_100.png,325,254,428,279,Brick
colorIMG_100.png,329,204,429,231,Brick
colorIMG_100.png,317,306,418,336,Brick
colorIMG_100.png,420,300,524,343,Brick
colorIMG_164.png,418,301,497,396,Brick
colorIMG_164.png,400,285,479,379,Brick
colorIMG_164.png,378,268,456,362,Brick
colorIMG_164.png,356,254,436,347,Brick
colorIMG_164.png,334,243,412,336,Brick
colorIMG_164.png,313,227,392,319,Brick
colorIMG_164.png,295,209,372,303,Brick
colorIMG_164.png,273,197,350,292,Brick
colorIMG_164.png,479,223,558,315,Brick
colorIMG_164.png,462,203,542,295,Brick
colorIMG_164.png,439,191,518,283,Brick
colorIMG_164.png,418,175,497,268,Brick
colorIMG_164.png,396,162,476,256,Brick
colorIMG_164.png,375,151,453,242,Brick
colorIMG_164.png,358,132,435,223,Brick
colorIMG_164.png,333,121,413,210,Brick
colorIMG_131.png,504,138,539,240,Brick
colorIMG_131.png,479,141,508,243,Brick
colorIMG_131.png,454,143,484,242,Brick
colorIMG_131.png,430,140,457,242,Brick
colorIMG_131.png,407,141,433,241,Brick
colorIMG_131.png,381,142,408,243,Brick
colorIMG_131.png,356,142,383,242,Brick
colorIMG_131.png,326,144,355,244,Brick
colorIMG_131.png,325,244,353,345,Brick
colorIMG_131.png,351,242,381,343,Brick
colorIMG_131.png,375,242,404,342,Brick
colorIMG_131.png,400,241,429,342,Brick
colorIMG_131.png,426,241,452,344,Brick
colorIMG_131.png,449,243,477,344,Brick
colorIMG_131.png,474,242,502,344,Brick
colorIMG_131.png,500,240,530,344,Brick
colorIMG_37.png,304,316,414,356,Brick
colorIMG_37.png,307,291,414,329,Brick
colorIMG_37.png,312,264,423,303,Brick
colorIMG_37.png,320,241,424,280,Brick
colorIMG_37.png,317,216,423,254,Brick
colorIMG_37.png,326,192,426,229,Brick
colorIMG_37.png,328,168,432,203,Brick
colorIMG_37.png,331,144,430,181,Brick
colorIMG_37.png,431,156,535,181,Brick
colorIMG_37.png,427,180,530,208,Brick
colorIMG_37.png,426,205,529,243,Brick
colorIMG_37.png,420,232,525,271,Brick
colorIMG_37.png,418,256,524,298,Brick
colorIMG_37.png,416,281,519,321,Brick
colorIMG_37.png,410,304,515,349,Brick
colorIMG_37.png,409,332,512,370,Brick
colorIMG_5.png,322,151,425,178,Brick
colorIMG_5.png,323,178,425,203,Brick
colorIMG_5.png,327,202,429,228,Brick
colorIMG_5.png,326,227,430,256,Brick
colorIMG_5.png,327,253,432,283,Brick
colorIMG_5.png,330,279,432,309,Brick
colorIMG_5.png,327,304,430,334,Brick
colorIMG_5.png,327,331,431,359,Brick
colorIMG_5.png,427,330,533,361,Brick
colorIMG_5.png,428,305,532,331,Brick
colorIMG_5.png,431,278,534,304,Brick
colorIMG_5.png,430,254,535,277,Brick
colorIMG_5.png,429,225,531,253,Brick
colorIMG_5.png,428,202,530,228,Brick
colorIMG_5.png,425,174,525,202,Brick
colorIMG_5.png,421,144,527,177,Brick
colorIMG_40.png,304,313,411,355,Brick
colorIMG_40.png,404,329,508,374,Brick
colorIMG_40.png,412,307,514,349,Brick
colorIMG_40.png,414,280,521,322,Brick
colorIMG_40.png,414,256,519,295,Brick
colorIMG_40.png,418,232,522,272,Brick
colorIMG_40.png,422,208,525,247,Brick
colorIMG_40.png,426,182,532,224,Brick
colorIMG_40.png,430,157,535,201,Brick
colorIMG_40.png,310,289,414,329,Brick
colorIMG_40.png,315,264,419,303,Brick
colorIMG_40.png,315,242,423,278,Brick
colorIMG_40.png,318,214,422,256,Brick
colorIMG_40.png,324,189,428,229,Brick
colorIMG_40.png,327,165,432,206,Brick
colorIMG_40.png,331,143,435,180,Brick
colorIMG_18.png,320,327,422,357,Brick
colorIMG_18.png,321,298,425,327,Brick
colorIMG_18.png,321,271,425,302,Brick
colorIMG_18.png,324,247,428,277,Brick
colorIMG_18.png,423,326,527,361,Brick
colorIMG_18.png,423,303,528,337,Brick
colorIMG_18.png,422,278,526,311,Brick
colorIMG_18.png,426,252,529,287,Brick
colorIMG_18.png,426,227,531,262,Brick
colorIMG_18.png,427,204,531,230,Brick
colorIMG_18.png,426,176,529,206,Brick
colorIMG_18.png,428,152,531,181,Brick
colorIMG_18.png,325,218,429,254,Brick
colorIMG_18.png,328,194,430,229,Brick
colorIMG_18.png,325,167,428,204,Brick
colorIMG_18.png,326,142,429,179,Brick
colorIMG_176.png,403,315,489,408,Brick
colorIMG_176.png,385,294,473,386,Brick
colorIMG_176.png,369,276,455,367,Brick
colorIMG_176.png,349,257,436,350,Brick
colorIMG_176.png,329,239,419,325,Brick
colorIMG_176.png,313,222,403,307,Brick
colorIMG_176.png,297,203,387,289,Brick
colorIMG_176.png,277,189,367,275,Brick
colorIMG_176.png,474,252,569,332,Brick
colorIMG_176.png,457,232,552,312,Brick
colorIMG_176.png,440,214,534,294,Brick
colorIMG_176.png,422,195,514,275,Brick
colorIMG_176.png,405,176,498,256,Brick
colorIMG_176.png,390,157,481,237,Brick
colorIMG_176.png,374,139,464,219,Brick
colorIMG_176.png,355,122,447,200,Brick
colorIMG_3.png,321,327,425,356,Brick
colorIMG_3.png,324,302,427,328,Brick
colorIMG_3.png,325,276,429,304,Brick
colorIMG_3.png,326,252,430,278,Brick
colorIMG_3.png,326,226,431,253,Brick
colorIMG_3.png,326,202,429,227,Brick
colorIMG_3.png,330,178,431,205,Brick
colorIMG_3.png,326,154,431,179,Brick
colorIMG_3.png,424,323,528,355,Brick
colorIMG_3.png,428,298,530,329,Brick
colorIMG_3.png,426,275,530,304,Brick
colorIMG_3.png,425,250,529,278,Brick
colorIMG_3.png,429,225,529,253,Brick
colorIMG_3.png,427,201,528,228,Brick
colorIMG_3.png,429,176,531,204,Brick
colorIMG_3.png,429,149,530,181,Brick
colorIMG_6.png,321,149,423,177,Brick
colorIMG_6.png,324,175,425,201,Brick
colorIMG_6.png,326,198,429,229,Brick
colorIMG_6.png,326,223,431,253,Brick
colorIMG_6.png,328,248,432,280,Brick
colorIMG_6.png,331,275,435,306,Brick
colorIMG_6.png,326,301,431,331,Brick
colorIMG_6.png,328,331,431,359,Brick
colorIMG_6.png,423,144,527,178,Brick
colorIMG_6.png,424,174,527,203,Brick
colorIMG_6.png,428,202,529,229,Brick
colorIMG_6.png,427,225,529,256,Brick
colorIMG_6.png,432,252,533,280,Brick
colorIMG_6.png,433,279,536,305,Brick
colorIMG_6.png,430,306,534,331,Brick
colorIMG_6.png,431,333,533,359,Brick
colorIMG_50.png,334,150,440,183,Brick
colorIMG_50.png,342,175,444,207,Brick
colorIMG_50.png,335,198,437,234,Brick
colorIMG_50.png,334,225,439,262,Brick
colorIMG_50.png,330,253,432,284,Brick
colorIMG_50.png,329,278,433,307,Brick
colorIMG_50.png,331,305,434,335,Brick
colorIMG_50.png,339,336,441,365,Brick
colorIMG_50.png,435,160,539,191,Brick
colorIMG_50.png,439,183,546,216,Brick
colorIMG_50.png,434,211,539,243,Brick
colorIMG_50.png,437,235,540,268,Brick
colorIMG_50.png,430,259,533,292,Brick
colorIMG_50.png,430,286,533,314,Brick
colorIMG_50.png,434,311,538,341,Brick
colorIMG_50.png,442,338,543,370,Brick
colorIMG_26.png,314,315,418,349,Brick
colorIMG_26.png,318,293,419,324,Brick
colorIMG_26.png,317,265,421,298,Brick
colorIMG_26.png,320,242,423,274,Brick
colorIMG_26.png,324,217,428,252,Brick
colorIMG_26.png,325,191,426,224,Brick
colorIMG_26.png,328,168,431,201,Brick
colorIMG_26.png,331,143,433,176,Brick
colorIMG_26.png,415,323,520,363,Brick
colorIMG_26.png,415,296,523,339,Brick
colorIMG_26.png,418,273,523,313,Brick
colorIMG_26.png,420,248,527,288,Brick
colorIMG_26.png,424,222,529,262,Brick
colorIMG_26.png,424,197,533,240,Brick
colorIMG_26.png,430,175,536,214,Brick
colorIMG_26.png,437,150,541,191,Brick
colorIMG_158.png,410,306,493,398,Brick
colorIMG_158.png,393,287,476,379,Brick
colorIMG_158.png,373,271,455,364,Brick
colorIMG_158.png,349,260,431,355,Brick
colorIMG_158.png,329,244,411,340,Brick
colorIMG_158.png,313,227,392,321,Brick
colorIMG_158.png,294,213,373,306,Brick
colorIMG_158.png,276,194,356,288,Brick
colorIMG_158.png,478,223,556,317,Brick
colorIMG_158.png,458,208,536,302,Brick
colorIMG_158.png,439,193,516,286,Brick
colorIMG_158.png,422,174,500,266,Brick
colorIMG_158.png,397,163,477,257,Brick
colorIMG_158.png,376,151,455,241,Brick
colorIMG_158.png,357,136,436,226,Brick
colorIMG_158.png,341,118,420,208,Brick
colorIMG_161.png,418,299,494,396,Brick
colorIMG_161.png,398,284,474,381,Brick
colorIMG_161.png,375,271,451,367,Brick
colorIMG_161.png,355,257,432,353,Brick
colorIMG_161.png,335,242,412,337,Brick
colorIMG_161.png,314,225,392,321,Brick
colorIMG_161.png,295,210,373,306,Brick
colorIMG_161.png,274,197,352,293,Brick
colorIMG_161.png,478,221,558,315,Brick
colorIMG_161.png,458,208,537,300,Brick
colorIMG_161.png,436,194,517,285,Brick
colorIMG_161.png,415,180,496,271,Brick
colorIMG_161.png,395,166,476,256,Brick
colorIMG_161.png,375,152,455,242,Brick
colorIMG_161.png,354,135,437,223,Brick
colorIMG_161.png,332,122,416,207,Brick
colorIMG_97.png,421,330,527,370,Brick
colorIMG_97.png,423,304,529,334,Brick
colorIMG_97.png,429,276,532,302,Brick
colorIMG_97.png,427,250,533,278,Brick
colorIMG_97.png,431,225,534,253,Brick
colorIMG_97.png,429,201,533,227,Brick
colorIMG_97.png,429,175,534,203,Brick
colorIMG_97.png,431,152,536,178,Brick
colorIMG_97.png,320,330,421,367,Brick
colorIMG_97.png,320,305,422,332,Brick
colorIMG_97.png,321,273,424,306,Brick
colorIMG_97.png,325,244,430,285,Brick
colorIMG_97.png,330,219,433,258,Brick
colorIMG_97.png,327,193,431,233,Brick
colorIMG_97.png,327,168,432,209,Brick
colorIMG_97.png,329,144,432,185,Brick
colorIMG_15.png,322,326,427,354,Brick
colorIMG_15.png,322,299,426,331,Brick
colorIMG_15.png,425,308,527,336,Brick
colorIMG_15.png,424,332,527,362,Brick
colorIMG_15.png,426,282,530,309,Brick
colorIMG_15.png,427,253,529,283,Brick
colorIMG_15.png,427,227,528,258,Brick
colorIMG_15.png,427,203,529,231,Brick
colorIMG_15.png,426,178,529,208,Brick
colorIMG_15.png,426,153,533,184,Brick
colorIMG_15.png,324,273,427,303,Brick
colorIMG_15.png,324,251,429,280,Brick
colorIMG_15.png,325,224,432,254,Brick
colorIMG_15.png,325,202,429,229,Brick
colorIMG_15.png,324,175,427,204,Brick
colorIMG_15.png,325,153,429,181,Brick
colorIMG_43.png,324,331,428,366,Brick
colorIMG_43.png,327,305,429,340,Brick
colorIMG_43.png,328,282,432,315,Brick
colorIMG_43.png,327,256,432,292,Brick
colorIMG_43.png,328,230,432,264,Brick
colorIMG_43.png,326,207,427,238,Brick
colorIMG_43.png,324,181,424,212,Brick
colorIMG_43.png,325,158,428,187,Brick
colorIMG_43.png,435,339,540,372,Brick
colorIMG_43.png,433,313,535,338,Brick
colorIMG_43.png,433,288,532,314,Brick
colorIMG_43.png,431,263,533,290,Brick
colorIMG_43.png,430,237,535,264,Brick
colorIMG_43.png,425,213,529,242,Brick
colorIMG_43.png,428,188,530,218,Brick
colorIMG_43.png,430,161,535,190,Brick
colorIMG_83.png,337,338,440,377,Brick
colorIMG_83.png,337,312,443,348,Brick
colorIMG_83.png,336,285,440,320,Brick
colorIMG_83.png,336,260,443,296,Brick
colorIMG_83.png,336,238,440,269,Brick
colorIMG_83.png,336,210,442,244,Brick
colorIMG_83.png,339,187,442,217,Brick
colorIMG_83.png,335,163,438,193,Brick
colorIMG_83.png,436,168,539,198,Brick
colorIMG_83.png,438,194,540,222,Brick
colorIMG_83.png,437,219,540,249,Brick
colorIMG_83.png,437,244,541,274,Brick
colorIMG_83.png,438,270,546,303,Brick
colorIMG_83.png,438,294,542,328,Brick
colorIMG_83.png,439,319,544,353,Brick
colorIMG_83.png,438,346,544,381,Brick
colorIMG_17.png,315,324,419,353,Brick
colorIMG_17.png,418,327,520,357,Brick
colorIMG_17.png,423,303,526,333,Brick
colorIMG_17.png,425,278,528,308,Brick
colorIMG_17.png,426,254,527,281,Brick
colorIMG_17.png,426,228,531,260,Brick
colorIMG_17.png,425,201,530,232,Brick
colorIMG_17.png,426,176,530,206,Brick
colorIMG_17.png,427,151,532,182,Brick
colorIMG_17.png,320,302,426,330,Brick
colorIMG_17.png,322,273,425,303,Brick
colorIMG_17.png,325,250,427,279,Brick
colorIMG_17.png,326,224,428,254,Brick
colorIMG_17.png,328,200,429,228,Brick
colorIMG_17.png,325,176,429,205,Brick
colorIMG_17.png,325,152,428,177,Brick
colorIMG_192.png,433,315,535,372,Brick
colorIMG_192.png,425,292,527,348,Brick
colorIMG_192.png,418,268,519,323,Brick
colorIMG_192.png,407,244,509,301,Brick
colorIMG_192.png,399,220,501,277,Brick
colorIMG_192.png,391,197,492,254,Brick
colorIMG_192.png,384,174,484,230,Brick
colorIMG_192.png,379,150,480,206,Brick
colorIMG_192.png,336,351,442,405,Brick
colorIMG_192.png,327,327,433,381,Brick
colorIMG_192.png,321,303,425,356,Brick
colorIMG_192.png,310,277,414,333,Brick
colorIMG_192.png,303,254,407,309,Brick
colorIMG_192.png,297,232,399,286,Brick
colorIMG_192.png,291,208,392,262,Brick
colorIMG_192.png,285,185,386,237,Brick
colorIMG_185.png,276,186,376,255,Brick
colorIMG_185.png,289,207,389,276,Brick
colorIMG_185.png,303,228,401,299,Brick
colorIMG_185.png,317,248,415,324,Brick
colorIMG_185.png,331,270,429,346,Brick
colorIMG_185.png,345,293,442,369,Brick
colorIMG_185.png,359,314,454,391,Brick
colorIMG_185.png,373,336,468,413,Brick
colorIMG_185.png,456,291,558,356,Brick
colorIMG_185.png,445,271,545,335,Brick
colorIMG_185.png,431,249,531,313,Brick
colorIMG_185.png,417,227,518,291,Brick
colorIMG_185.png,404,202,504,270,Brick
colorIMG_185.png,390,182,488,250,Brick
colorIMG_185.png,377,162,476,229,Brick
colorIMG_185.png,366,141,463,206,Brick
colorIMG_48.png,322,329,429,363,Brick
colorIMG_48.png,326,302,429,337,Brick
colorIMG_48.png,328,278,430,309,Brick
colorIMG_48.png,327,253,433,287,Brick
colorIMG_48.png,330,228,432,261,Brick
colorIMG_48.png,333,206,433,234,Brick
colorIMG_48.png,329,180,436,211,Brick
colorIMG_48.png,335,156,436,187,Brick
colorIMG_48.png,433,162,541,191,Brick
colorIMG_48.png,431,188,536,218,Brick
colorIMG_48.png,429,214,534,241,Brick
colorIMG_48.png,430,239,534,264,Brick
colorIMG_48.png,429,259,534,289,Brick
colorIMG_48.png,428,288,532,316,Brick
colorIMG_48.png,425,310,531,341,Brick
colorIMG_48.png,426,337,529,367,Brick
colorIMG_114.png,420,325,522,355,Brick
colorIMG_114.png,318,319,419,355,Brick
colorIMG_114.png,318,292,420,328,Brick
colorIMG_114.png,418,299,523,328,Brick
colorIMG_114.png,422,275,524,304,Brick
colorIMG_114.png,320,268,423,303,Brick
colorIMG_114.png,425,251,531,277,Brick
colorIMG_114.png,323,242,427,278,Brick
colorIMG_114.png,428,227,531,252,Brick
colorIMG_114.png,325,217,429,253,Brick
colorIMG_114.png,430,202,533,229,Brick
colorIMG_114.png,328,193,431,228,Brick
colorIMG_114.png,429,175,531,202,Brick
colorIMG_114.png,330,170,431,204,Brick
colorIMG_114.png,330,146,432,179,Brick
colorIMG_114.png,431,151,533,177,Brick
colorIMG_76.png,336,343,442,384,Brick
colorIMG_76.png,440,345,546,388,Brick
colorIMG_76.png,432,320,541,362,Brick
colorIMG_76.png,440,295,541,333,Brick
colorIMG_76.png,437,268,547,305,Brick
colorIMG_76.png,438,246,543,278,Brick
colorIMG_76.png,438,221,542,253,Brick
colorIMG_76.png,442,196,545,226,Brick
colorIMG_76.png,334,314,436,350,Brick
colorIMG_76.png,337,291,441,324,Brick
colorIMG_76.png,336,260,441,297,Brick
colorIMG_76.png,339,238,440,272,Brick
colorIMG_76.png,337,211,443,242,Brick
colorIMG_76.png,339,188,445,219,Brick
colorIMG_76.png,344,163,448,196,Brick
colorIMG_76.png,447,169,550,202,Brick
colorIMG_140.png,330,123,381,225,Brick
colorIMG_140.png,355,128,408,229,Brick
colorIMG_140.png,381,131,432,232,Brick
colorIMG_140.png,404,136,455,238,Brick
colorIMG_140.png,428,143,480,244,Brick
colorIMG_140.png,455,149,503,254,Brick
colorIMG_140.png,480,158,527,260,Brick
colorIMG_140.png,504,161,551,265,Brick
colorIMG_140.png,312,220,353,324,Brick
colorIMG_140.png,338,225,380,328,Brick
colorIMG_140.png,363,228,404,332,Brick
colorIMG_140.png,388,235,430,339,Brick
colorIMG_140.png,414,242,452,345,Brick
colorIMG_140.png,436,249,479,354,Brick
colorIMG_140.png,460,257,503,363,Brick
colorIMG_140.png,484,261,527,365,Brick
colorIMG_189.png,342,351,444,417,Brick
colorIMG_189.png,334,327,435,393,Brick
colorIMG_189.png,326,303,426,369,Brick
colorIMG_189.png,315,281,416,346,Brick
colorIMG_189.png,308,253,408,318,Brick
colorIMG_189.png,298,231,398,296,Brick
colorIMG_189.png,291,207,390,271,Brick
colorIMG_189.png,283,185,383,248,Brick
colorIMG_189.png,376,150,476,207,Brick
colorIMG_189.png,382,174,483,230,Brick
colorIMG_189.png,389,197,490,253,Brick
colorIMG_189.png,401,219,504,276,Brick
colorIMG_189.png,408,243,511,299,Brick
colorIMG_189.png,417,267,520,323,Brick
colorIMG_189.png,426,291,529,346,Brick
colorIMG_189.png,434,314,538,371,Brick
colorIMG_142.png,320,144,370,244,Brick
colorIMG_142.png,300,240,342,343,Brick
colorIMG_142.png,326,244,369,347,Brick
colorIMG_142.png,345,148,394,249,Brick
colorIMG_142.png,371,152,418,251,Brick
colorIMG_142.png,352,247,393,351,Brick
colorIMG_142.png,376,255,420,359,Brick
colorIMG_142.png,396,158,440,259,Brick
colorIMG_142.png,400,262,444,366,Brick
colorIMG_142.png,422,271,470,376,Brick
colorIMG_142.png,420,164,463,266,Brick
colorIMG_142.png,445,168,491,273,Brick
colorIMG_142.png,470,176,516,278,Brick
colorIMG_142.png,448,273,492,378,Brick
colorIMG_142.png,473,280,519,384,Brick
colorIMG_142.png,493,181,540,285,Brick
colorIMG_160.png,418,300,493,396,Brick
colorIMG_160.png,398,285,474,381,Brick
colorIMG_160.png,375,270,451,367,Brick
colorIMG_160.png,355,256,431,353,Brick
colorIMG_160.png,335,241,411,338,Brick
colorIMG_160.png,314,226,390,323,Brick
colorIMG_160.png,293,213,369,310,Brick
colorIMG_160.png,275,198,350,293,Brick
colorIMG_160.png,478,221,558,315,Brick
colorIMG_160.png,458,207,537,300,Brick
colorIMG_160.png,436,194,517,285,Brick
colorIMG_160.png,415,180,496,271,Brick
colorIMG_160.png,395,166,477,256,Brick
colorIMG_160.png,376,151,457,239,Brick
colorIMG_160.png,352,134,439,218,Brick
colorIMG_160.png,340,113,427,197,Brick
colorIMG_92.png,318,328,422,369,Brick
colorIMG_92.png,321,301,424,339,Brick
colorIMG_92.png,322,275,428,315,Brick
colorIMG_92.png,322,251,429,289,Brick
colorIMG_92.png,328,226,430,265,Brick
colorIMG_92.png,328,204,429,238,Brick
colorIMG_92.png,328,179,431,214,Brick
colorIMG_92.png,328,157,431,191,Brick
colorIMG_92.png,426,331,530,357,Brick
colorIMG_92.png,427,304,529,331,Brick
colorIMG_92.png,426,279,529,308,Brick
colorIMG_92.png,427,255,533,281,Brick
colorIMG_92.png,428,229,532,256,Brick
colorIMG_92.png,428,202,532,233,Brick
colorIMG_92.png,428,178,532,207,Brick
colorIMG_92.png,431,155,532,181,Brick
colorIMG_139.png,334,125,380,226,Brick
colorIMG_139.png,359,128,406,229,Brick
colorIMG_139.png,383,133,431,233,Brick
colorIMG_139.png,407,137,454,238,Brick
colorIMG_139.png,431,144,479,245,Brick
colorIMG_139.png,455,149,504,253,Brick
colorIMG_139.png,478,156,527,259,Brick
colorIMG_139.png,501,161,552,266,Brick
colorIMG_139.png,310,221,358,325,Brick
colorIMG_139.png,337,226,383,329,Brick
colorIMG_139.png,362,230,407,333,Brick
colorIMG_139.png,386,233,433,338,Brick
colorIMG_139.png,411,241,455,345,Brick
colorIMG_139.png,433,248,479,352,Brick
colorIMG_139.png,458,254,503,359,Brick
colorIMG_139.png,481,260,527,364,Brick
colorIMG_165.png,422,303,500,398,Brick
colorIMG_165.png,397,285,479,378,Brick
colorIMG_165.png,374,271,455,364,Brick
colorIMG_165.png,357,254,438,347,Brick
colorIMG_165.png,337,239,418,332,Brick
colorIMG_165.png,312,227,393,320,Brick
colorIMG_165.png,295,209,373,302,Brick
colorIMG_165.png,272,197,350,290,Brick
colorIMG_165.png,479,224,560,315,Brick
colorIMG_165.png,461,206,541,297,Brick
colorIMG_165.png,438,193,521,282,Brick
colorIMG_165.png,417,178,501,266,Brick
colorIMG_165.png,397,161,484,250,Brick
colorIMG_165.png,374,151,458,239,Brick
colorIMG_165.png,356,133,437,223,Brick
colorIMG_165.png,333,121,415,210,Brick
colorIMG_79.png,333,330,438,371,Brick
colorIMG_79.png,332,303,435,347,Brick
colorIMG_79.png,333,280,441,319,Brick
colorIMG_79.png,337,254,442,293,Brick
colorIMG_79.png,334,231,439,270,Brick
colorIMG_79.png,334,206,441,247,Brick
colorIMG_79.png,339,184,441,218,Brick
colorIMG_79.png,329,159,431,191,Brick
colorIMG_79.png,438,196,543,224,Brick
colorIMG_79.png,431,170,532,196,Brick
colorIMG_79.png,435,221,542,259,Brick
colorIMG_79.png,433,248,539,283,Brick
colorIMG_79.png,437,269,543,312,Brick
colorIMG_79.png,437,297,541,339,Brick
colorIMG_79.png,431,321,538,363,Brick
colorIMG_79.png,434,346,538,394,Brick
colorIMG_187.png,342,349,446,410,Brick
colorIMG_187.png,333,326,436,387,Brick
colorIMG_187.png,327,300,430,363,Brick
colorIMG_187.png,318,278,420,339,Brick
colorIMG_187.png,308,256,411,315,Brick
colorIMG_187.png,298,234,400,293,Brick
colorIMG_187.png,291,210,392,269,Brick
colorIMG_187.png,284,187,384,246,Brick
colorIMG_187.png,375,152,475,207,Brick
colorIMG_187.png,383,174,482,230,Brick
colorIMG_187.png,391,197,492,254,Brick
colorIMG_187.png,402,219,505,275,Brick
colorIMG_187.png,411,242,514,299,Brick
colorIMG_187.png,420,264,523,321,Brick
colorIMG_187.png,428,287,531,345,Brick
colorIMG_187.png,437,311,539,371,Brick
colorIMG_78.png,455,154,561,214,Brick
colorIMG_78.png,441,189,547,236,Brick
colorIMG_78.png,437,222,542,259,Brick
colorIMG_78.png,436,247,544,287,Brick
colorIMG_78.png,436,269,543,312,Brick
colorIMG_78.png,435,294,542,338,Brick
colorIMG_78.png,434,321,542,360,Brick
colorIMG_78.png,435,348,544,386,Brick
colorIMG_78.png,335,335,438,372,Brick
colorIMG_78.png,334,308,437,345,Brick
colorIMG_78.png,339,286,438,322,Brick
colorIMG_78.png,334,256,440,297,Brick
colorIMG_78.png,335,238,440,270,Brick
colorIMG_78.png,337,211,442,247,Brick
colorIMG_78.png,340,189,444,218,Brick
colorIMG_78.png,331,164,434,191,Brick
colorIMG_195.png,334,346,439,401,Brick
colorIMG_195.png,326,323,430,377,Brick
colorIMG_195.png,318,299,422,353,Brick
colorIMG_195.png,308,277,413,329,Brick
colorIMG_195.png,303,254,406,304,Brick
colorIMG_195.png,295,232,397,282,Brick
colorIMG_195.png,289,208,391,255,Brick
colorIMG_195.png,283,184,386,231,Brick
colorIMG_195.png,432,319,536,371,Brick
colorIMG_195.png,424,295,528,347,Brick
colorIMG_195.png,415,272,519,322,Brick
colorIMG_195.png,408,248,512,298,Brick
colorIMG_195.png,400,223,503,275,Brick
colorIMG_195.png,393,200,495,251,Brick
colorIMG_195.png,386,177,488,227,Brick
colorIMG_195.png,379,154,480,204,Brick
colorIMG_106.png,321,142,426,181,Brick
colorIMG_106.png,431,151,534,180,Brick
colorIMG_106.png,328,169,429,206,Brick
colorIMG_106.png,430,176,532,204,Brick
colorIMG_106.png,328,199,430,230,Brick
colorIMG_106.png,429,203,531,230,Brick
colorIMG_106.png,327,225,429,254,Brick
colorIMG_106.png,428,229,530,254,Brick
colorIMG_106.png,326,249,428,279,Brick
colorIMG_106.png,427,252,530,281,Brick
colorIMG_106.png,319,274,422,302,Brick
colorIMG_106.png,421,278,523,305,Brick
colorIMG_106.png,319,299,422,327,Brick
colorIMG_106.png,422,302,524,330,Brick
colorIMG_106.png,420,327,522,355,Brick
colorIMG_106.png,319,325,421,352,Brick
colorIMG_193.png,434,317,537,373,Brick
colorIMG_193.png,425,293,528,348,Brick
colorIMG_193.png,418,270,520,324,Brick
colorIMG_193.png,407,243,510,298,Brick
colorIMG_193.png,399,220,502,275,Brick
colorIMG_193.png,390,198,492,252,Brick
colorIMG_193.png,383,174,485,229,Brick
colorIMG_193.png,379,149,481,204,Brick
colorIMG_193.png,284,181,386,238,Brick
colorIMG_193.png,290,206,390,262,Brick
colorIMG_193.png,296,230,398,286,Brick
colorIMG_193.png,304,259,407,308,Brick
colorIMG_193.png,311,282,414,333,Brick
colorIMG_193.png,320,306,424,358,Brick
colorIMG_193.png,329,330,433,382,Brick
colorIMG_193.png,337,354,441,406,Brick
colorIMG_82.png,333,342,437,386,Brick
colorIMG_82.png,339,319,440,348,Brick
colorIMG_82.png,337,290,442,319,Brick
colorIMG_82.png,337,264,441,294,Brick
colorIMG_82.png,338,239,439,267,Brick
colorIMG_82.png,338,211,439,245,Brick
colorIMG_82.png,340,188,442,218,Brick
colorIMG_82.png,334,161,439,192,Brick
colorIMG_82.png,437,168,541,198,Brick
colorIMG_82.png,440,193,544,219,Brick
colorIMG_82.png,436,220,541,250,Brick
colorIMG_82.png,438,246,540,276,Brick
colorIMG_82.png,438,268,545,300,Brick
colorIMG_82.png,438,296,542,326,Brick
colorIMG_82.png,440,325,543,357,Brick
colorIMG_82.png,441,360,545,387,Brick
colorIMG_148.png,488,227,551,327,Brick
colorIMG_148.png,467,215,531,315,Brick
colorIMG_148.png,444,196,509,295,Brick
colorIMG_148.png,421,182,489,281,Brick
colorIMG_148.png,400,169,467,268,Brick
colorIMG_148.png,380,157,447,252,Brick
colorIMG_148.png,356,147,425,244,Brick
colorIMG_148.png,332,134,403,230,Brick
colorIMG_148.png,283,223,353,320,Brick
colorIMG_148.png,306,233,376,332,Brick
colorIMG_148.png,330,241,399,339,Brick
colorIMG_148.png,351,258,423,356,Brick
colorIMG_148.png,369,273,445,372,Brick
colorIMG_148.png,389,289,466,386,Brick
colorIMG_148.png,410,309,492,403,Brick
colorIMG_148.png,432,319,516,414,Brick
colorIMG_143.png,320,144,369,243,Brick
colorIMG_143.png,346,149,393,248,Brick
colorIMG_143.png,372,152,417,252,Brick
colorIMG_143.png,494,182,539,284,Brick
colorIMG_143.png,470,176,515,278,Brick
colorIMG_143.png,445,169,490,272,Brick
colorIMG_143.png,420,163,465,266,Brick
colorIMG_143.png,396,158,439,258,Brick
colorIMG_143.png,326,244,369,347,Brick
colorIMG_143.png,300,241,342,343,Brick
colorIMG_143.png,377,255,419,359,Brick
colorIMG_143.png,352,248,393,352,Brick
colorIMG_143.png,400,262,445,366,Brick
colorIMG_143.png,449,273,493,377,Brick
colorIMG_143.png,423,271,468,375,Brick
colorIMG_143.png,474,280,518,385,Brick
colorIMG_16.png,322,326,426,354,Brick
colorIMG_16.png,322,300,427,330,Brick
colorIMG_16.png,423,328,528,363,Brick
colorIMG_16.png,424,303,527,336,Brick
colorIMG_16.png,426,276,532,310,Brick
colorIMG_16.png,424,253,529,284,Brick
colorIMG_16.png,425,228,531,258,Brick
colorIMG_16.png,426,202,530,233,Brick
colorIMG_16.png,426,176,529,205,Brick
colorIMG_16.png,425,153,532,181,Brick
colorIMG_16.png,321,274,427,306,Brick
colorIMG_16.png,323,252,427,280,Brick
colorIMG_16.png,324,223,428,254,Brick
colorIMG_16.png,326,202,429,230,Brick
colorIMG_16.png,326,175,429,202,Brick
colorIMG_16.png,324,150,429,180,Brick
colorIMG_136.png,329,138,357,239,Brick
colorIMG_136.png,355,135,384,237,Brick
colorIMG_136.png,380,137,412,238,Brick
colorIMG_136.png,404,137,437,238,Brick
colorIMG_136.png,430,140,463,241,Brick
colorIMG_136.png,455,142,487,244,Brick
colorIMG_136.png,483,144,511,245,Brick
colorIMG_136.png,510,142,541,245,Brick
colorIMG_136.png,508,243,538,345,Brick
colorIMG_136.png,482,244,513,347,Brick
colorIMG_136.png,455,244,480,346,Brick
colorIMG_136.png,426,241,455,345,Brick
colorIMG_136.png,401,237,431,343,Brick
colorIMG_136.png,375,238,402,341,Brick
colorIMG_136.png,349,235,378,337,Brick
colorIMG_136.png,324,238,354,339,Brick
colorIMG_174.png,279,186,370,269,Brick
colorIMG_174.png,299,204,388,287,Brick
colorIMG_174.png,318,222,405,308,Brick
colorIMG_174.png,332,239,421,326,Brick
colorIMG_174.png,349,257,437,344,Brick
colorIMG_174.png,367,277,455,364,Brick
colorIMG_174.png,384,295,472,382,Brick
colorIMG_174.png,400,315,489,405,Brick
colorIMG_174.png,472,250,565,331,Brick
colorIMG_174.png,457,231,549,312,Brick
colorIMG_174.png,439,212,532,294,Brick
colorIMG_174.png,422,194,514,276,Brick
colorIMG_174.png,406,175,498,257,Brick
colorIMG_174.png,390,157,480,238,Brick
colorIMG_174.png,374,139,464,220,Brick
colorIMG_174.png,356,120,447,200,Brick
colorIMG_134.png,503,146,533,247,Brick
colorIMG_134.png,479,143,509,243,Brick
colorIMG_134.png,454,143,484,244,Brick
colorIMG_134.png,430,140,457,242,Brick
colorIMG_134.png,405,138,432,238,Brick
colorIMG_134.png,380,140,411,239,Brick
colorIMG_134.png,353,138,388,239,Brick
colorIMG_134.png,326,139,362,240,Brick
colorIMG_134.png,326,239,352,338,Brick
colorIMG_134.png,350,238,380,339,Brick
colorIMG_134.png,374,239,404,339,Brick
colorIMG_134.png,401,237,429,340,Brick
colorIMG_134.png,426,241,452,344,Brick
colorIMG_134.png,449,243,479,344,Brick
colorIMG_134.png,474,242,502,344,Brick
colorIMG_134.png,499,247,527,351,Brick
colorIMG_197.png,324,350,428,394,Brick
colorIMG_197.png,317,325,422,370,Brick
colorIMG_197.png,312,301,416,346,Brick
colorIMG_197.png,307,277,411,322,Brick
colorIMG_197.png,302,252,406,297,Brick
colorIMG_197.png,297,230,399,273,Brick
colorIMG_197.png,290,206,392,250,Brick
colorIMG_197.png,284,181,385,226,Brick
colorIMG_197.png,424,322,527,374,Brick
colorIMG_197.png,417,297,520,350,Brick
colorIMG_197.png,410,274,514,324,Brick
colorIMG_197.png,406,249,509,298,Brick
colorIMG_197.png,399,224,502,275,Brick
colorIMG_197.png,393,200,496,251,Brick
colorIMG_197.png,386,178,487,227,Brick
colorIMG_197.png,378,155,480,201,Brick
colorIMG_162.png,417,299,493,396,Brick
colorIMG_162.png,396,286,473,382,Brick
colorIMG_162.png,375,270,452,366,Brick
colorIMG_162.png,357,254,434,349,Brick
colorIMG_162.png,335,241,412,336,Brick
colorIMG_162.png,313,225,391,321,Brick
colorIMG_162.png,295,210,373,305,Brick
colorIMG_162.png,274,197,352,293,Brick
colorIMG_162.png,478,222,557,314,Brick
colorIMG_162.png,458,208,538,300,Brick
colorIMG_162.png,435,194,517,287,Brick
colorIMG_162.png,417,179,498,269,Brick
colorIMG_162.png,394,164,477,257,Brick
colorIMG_162.png,374,153,456,242,Brick
colorIMG_162.png,354,135,437,223,Brick
colorIMG_162.png,332,122,416,208,Brick
colorIMG_58.png,322,327,428,363,Brick
colorIMG_58.png,324,300,428,336,Brick
colorIMG_58.png,326,274,431,312,Brick
colorIMG_58.png,331,247,433,290,Brick
colorIMG_58.png,333,227,437,265,Brick
colorIMG_58.png,337,204,441,233,Brick
colorIMG_58.png,336,178,441,211,Brick
colorIMG_58.png,340,154,443,188,Brick
colorIMG_58.png,440,161,546,197,Brick
colorIMG_58.png,436,186,542,222,Brick
colorIMG_58.png,438,212,541,247,Brick
colorIMG_58.png,432,238,537,270,Brick
colorIMG_58.png,430,263,537,299,Brick
colorIMG_58.png,427,290,532,327,Brick
colorIMG_58.png,425,313,528,354,Brick
colorIMG_58.png,422,341,528,379,Brick
colorIMG_64.png,335,142,437,176,Brick
colorIMG_64.png,336,168,438,212,Brick
colorIMG_64.png,331,191,437,238,Brick
colorIMG_64.png,330,216,437,263,Brick
colorIMG_64.png,328,249,432,288,Brick
colorIMG_64.png,325,277,429,311,Brick
colorIMG_64.png,324,304,426,335,Brick
colorIMG_64.png,321,328,424,361,Brick
colorIMG_64.png,419,339,526,396,Brick
colorIMG_64.png,421,312,530,357,Brick
colorIMG_64.png,425,286,533,331,Brick
colorIMG_64.png,430,260,537,306,Brick
colorIMG_64.png,430,236,534,279,Brick
colorIMG_64.png,435,213,537,245,Brick
colorIMG_64.png,436,186,541,219,Brick
colorIMG_64.png,439,162,541,195,Brick
colorIMG_172.png,402,312,490,404,Brick
colorIMG_172.png,376,302,465,393,Brick
colorIMG_172.png,368,275,456,363,Brick
colorIMG_172.png,350,255,439,344,Brick
colorIMG_172.png,334,237,423,325,Brick
colorIMG_172.png,315,222,404,309,Brick
colorIMG_172.png,299,202,388,287,Brick
colorIMG_172.png,281,186,371,270,Brick
colorIMG_172.png,352,118,440,200,Brick
colorIMG_172.png,370,135,458,218,Brick
colorIMG_172.png,387,153,476,236,Brick
colorIMG_172.png,406,170,497,254,Brick
colorIMG_172.png,424,188,515,272,Brick
colorIMG_172.png,440,208,530,292,Brick
colorIMG_172.png,459,226,548,310,Brick
colorIMG_172.png,475,245,564,329,Brick
colorIMG_179.png,376,331,477,399,Brick
colorIMG_179.png,364,308,465,377,Brick
colorIMG_179.png,351,286,452,356,Brick
colorIMG_179.png,337,264,437,336,Brick
colorIMG_179.png,325,245,425,315,Brick
colorIMG_179.png,314,223,414,293,Brick
colorIMG_179.png,303,200,402,271,Brick
colorIMG_179.png,291,179,391,249,Brick
colorIMG_179.png,379,131,475,200,Brick
colorIMG_179.png,390,154,488,222,Brick
colorIMG_179.png,402,177,499,244,Brick
colorIMG_179.png,413,199,514,265,Brick
colorIMG_179.png,426,220,527,287,Brick
colorIMG_179.png,441,242,542,310,Brick
colorIMG_179.png,454,264,554,332,Brick
colorIMG_179.png,467,286,565,353,Brick
colorIMG_129.png,330,145,357,244,Brick
colorIMG_129.png,356,143,383,243,Brick
colorIMG_129.png,381,142,407,242,Brick
colorIMG_129.png,406,141,433,242,Brick
colorIMG_129.png,430,141,457,240,Brick
colorIMG_129.png,324,243,354,344,Brick
colorIMG_129.png,350,242,381,344,Brick
colorIMG_129.png,375,241,405,343,Brick
colorIMG_129.png,399,241,428,343,Brick
colorIMG_129.png,425,240,452,344,Brick
colorIMG_129.png,453,142,481,243,Brick
colorIMG_129.png,448,241,478,343,Brick
colorIMG_129.png,474,241,503,344,Brick
colorIMG_129.png,500,239,528,343,Brick
colorIMG_129.png,479,141,508,241,Brick
colorIMG_129.png,504,138,533,239,Brick
colorIMG_127.png,332,145,358,244,Brick
colorIMG_127.png,325,243,355,344,Brick
colorIMG_127.png,356,144,383,243,Brick
colorIMG_127.png,377,241,405,342,Brick
colorIMG_127.png,380,141,408,242,Brick
colorIMG_127.png,405,140,432,241,Brick
colorIMG_127.png,401,241,429,342,Brick
colorIMG_127.png,425,243,453,344,Brick
colorIMG_127.png,429,142,456,242,Brick
colorIMG_127.png,450,243,477,344,Brick
colorIMG_127.png,476,243,502,345,Brick
colorIMG_127.png,501,244,527,346,Brick
colorIMG_127.png,453,142,482,243,Brick
colorIMG_127.png,477,144,505,243,Brick
colorIMG_127.png,502,144,529,244,Brick
colorIMG_127.png,352,242,380,343,Brick
colorIMG_86.png,338,336,440,370,Brick
colorIMG_86.png,339,311,439,339,Brick
colorIMG_86.png,337,286,439,312,Brick
colorIMG_86.png,337,260,440,289,Brick
colorIMG_86.png,336,237,439,266,Brick
colorIMG_86.png,336,210,438,241,Brick
colorIMG_86.png,339,185,443,217,Brick
colorIMG_86.png,344,163,447,192,Brick
colorIMG_86.png,446,169,547,196,Brick
colorIMG_86.png,440,193,543,219,Brick
colorIMG_86.png,435,217,542,246,Brick
colorIMG_86.png,435,241,543,280,Brick
colorIMG_86.png,437,266,547,304,Brick
colorIMG_86.png,434,288,543,331,Brick
colorIMG_86.png,438,315,545,363,Brick
colorIMG_86.png,439,343,546,390,Brick
colorIMG_101.png,321,155,421,181,Brick
colorIMG_101.png,430,152,533,184,Brick
colorIMG_101.png,311,325,412,358,Brick
colorIMG_101.png,322,276,425,307,Brick
colorIMG_101.png,326,179,425,204,Brick
colorIMG_101.png,327,229,430,253,Brick
colorIMG_101.png,430,176,532,207,Brick
colorIMG_101.png,423,331,525,359,Brick
colorIMG_101.png,428,251,532,282,Brick
colorIMG_101.png,430,201,533,232,Brick
colorIMG_101.png,429,228,531,259,Brick
colorIMG_101.png,425,277,526,306,Brick
colorIMG_101.png,325,251,428,282,Brick
colorIMG_101.png,330,204,429,228,Brick
colorIMG_101.png,317,300,417,333,Brick
colorIMG_101.png,422,306,525,332,Brick
colorIMG_94.png,317,317,423,359,Brick
colorIMG_94.png,326,291,432,337,Brick
colorIMG_94.png,326,267,431,309,Brick
colorIMG_94.png,325,242,430,283,Brick
colorIMG_94.png,329,217,434,258,Brick
colorIMG_94.png,330,193,434,232,Brick
colorIMG_94.png,328,171,431,208,Brick
colorIMG_94.png,327,147,435,185,Brick
colorIMG_94.png,431,153,533,177,Brick
colorIMG_94.png,428,177,533,202,Brick
colorIMG_94.png,431,200,534,228,Brick
colorIMG_94.png,431,226,534,252,Brick
colorIMG_94.png,429,251,536,280,Brick
colorIMG_94.png,429,273,534,305,Brick
colorIMG_94.png,434,299,538,336,Brick
colorIMG_94.png,438,321,541,361,Brick
colorIMG_135.png,503,146,535,247,Brick
colorIMG_135.png,479,146,508,246,Brick
colorIMG_135.png,454,143,484,244,Brick
colorIMG_135.png,430,141,460,242,Brick
colorIMG_135.png,405,138,435,238,Brick
colorIMG_135.png,380,140,411,239,Brick
colorIMG_135.png,353,138,388,237,Brick
colorIMG_135.png,326,139,362,240,Brick
colorIMG_135.png,326,239,352,338,Brick
colorIMG_135.png,350,238,380,339,Brick
colorIMG_135.png,374,239,404,339,Brick
colorIMG_135.png,401,237,429,340,Brick
colorIMG_135.png,426,241,452,344,Brick
colorIMG_135.png,449,243,478,344,Brick
colorIMG_135.png,474,245,502,347,Brick
colorIMG_135.png,499,247,527,351,Brick
colorIMG_54.png,324,327,428,367,Brick
colorIMG_54.png,327,298,431,344,Brick
colorIMG_54.png,325,272,432,316,Brick
colorIMG_54.png,328,248,433,288,Brick
colorIMG_54.png,328,222,434,258,Brick
colorIMG_54.png,336,199,437,235,Brick
colorIMG_54.png,341,173,444,212,Brick
colorIMG_54.png,337,147,438,185,Brick
colorIMG_54.png,439,160,543,193,Brick
colorIMG_54.png,441,184,547,222,Brick
colorIMG_54.png,435,210,540,246,Brick
colorIMG_54.png,430,235,536,272,Brick
colorIMG_54.png,429,260,534,300,Brick
colorIMG_54.png,429,286,532,329,Brick
colorIMG_54.png,425,310,532,356,Brick
colorIMG_54.png,425,339,532,382,Brick
colorIMG_157.png,412,302,494,395,Brick
colorIMG_157.png,393,287,475,380,Brick
colorIMG_157.png,372,272,454,365,Brick
colorIMG_157.png,476,226,556,316,Brick
colorIMG_157.png,456,211,536,301,Brick
colorIMG_157.png,437,195,517,286,Brick
colorIMG_157.png,349,260,430,355,Brick
colorIMG_157.png,330,246,408,339,Brick
colorIMG_157.png,313,227,393,322,Brick
colorIMG_157.png,293,212,373,306,Brick
colorIMG_157.png,275,195,355,289,Brick
colorIMG_157.png,413,183,494,274,Brick
colorIMG_157.png,395,166,477,257,Brick
colorIMG_157.png,375,151,456,242,Brick
colorIMG_157.png,357,136,436,226,Brick
colorIMG_157.png,340,118,419,208,Brick
colorIMG_175.png,474,249,566,331,Brick
colorIMG_175.png,458,230,550,312,Brick
colorIMG_175.png,440,212,532,293,Brick
colorIMG_175.png,422,194,514,276,Brick
colorIMG_175.png,406,175,497,257,Brick
colorIMG_175.png,390,156,481,238,Brick
colorIMG_175.png,374,138,464,219,Brick
colorIMG_175.png,357,121,448,201,Brick
colorIMG_175.png,402,314,489,404,Brick
colorIMG_175.png,386,294,473,386,Brick
colorIMG_175.png,368,276,455,367,Brick
colorIMG_175.png,334,241,420,332,Brick
colorIMG_175.png,350,258,437,350,Brick
colorIMG_175.png,317,224,403,315,Brick
colorIMG_175.png,299,206,385,297,Brick
colorIMG_175.png,280,190,367,282,Brick
colorIMG_1.png,327,152,429,181,Brick
colorIMG_1.png,326,179,429,204,Brick
colorIMG_1.png,326,203,429,228,Brick
colorIMG_1.png,326,226,432,253,Brick
colorIMG_1.png,322,249,428,279,Brick
colorIMG_1.png,322,277,426,302,Brick
colorIMG_1.png,322,300,425,333,Brick
colorIMG_1.png,319,325,425,359,Brick
colorIMG_1.png,430,322,537,357,Brick
colorIMG_1.png,428,298,532,331,Brick
colorIMG_1.png,426,274,529,303,Brick
colorIMG_1.png,426,250,529,277,Brick
colorIMG_1.png,428,227,529,253,Brick
colorIMG_1.png,427,202,529,227,Brick
colorIMG_1.png,428,177,531,203,Brick
colorIMG_1.png,426,149,532,179,Brick
colorIMG_111.png,415,326,516,398,Brick
colorIMG_111.png,313,330,415,364,Brick
colorIMG_111.png,315,303,421,336,Brick
colorIMG_111.png,419,300,522,365,Brick
colorIMG_111.png,420,273,525,321,Brick
colorIMG_111.png,320,277,421,303,Brick
colorIMG_111.png,323,244,426,279,Brick
colorIMG_111.png,424,250,530,286,Brick
colorIMG_111.png,326,217,428,254,Brick
colorIMG_111.png,427,227,529,254,Brick
colorIMG_111.png,431,202,533,228,Brick
colorIMG_111.png,329,190,431,230,Brick
colorIMG_111.png,329,166,431,205,Brick
colorIMG_111.png,322,139,425,180,Brick
colorIMG_111.png,431,152,533,178,Brick
colorIMG_111.png,430,177,532,203,Brick
colorIMG_84.png,336,337,444,377,Brick
colorIMG_84.png,439,349,544,387,Brick
colorIMG_84.png,437,321,544,360,Brick
colorIMG_84.png,436,294,542,335,Brick
colorIMG_84.png,436,268,547,309,Brick
colorIMG_84.png,436,243,542,285,Brick
colorIMG_84.png,439,219,543,260,Brick
colorIMG_84.png,441,194,547,235,Brick
colorIMG_84.png,443,168,548,209,Brick
colorIMG_84.png,339,310,444,348,Brick
colorIMG_84.png,337,285,442,322,Brick
colorIMG_84.png,337,263,442,298,Brick
colorIMG_84.png,336,239,438,272,Brick
colorIMG_84.png,337,210,441,244,Brick
colorIMG_84.png,339,186,441,217,Brick
colorIMG_84.png,337,165,438,191,Brick
colorIMG_39.png,306,314,413,356,Brick
colorIMG_39.png,310,291,413,330,Brick
colorIMG_39.png,321,267,425,303,Brick
colorIMG_39.png,318,243,420,281,Brick
colorIMG_39.png,318,216,423,254,Brick
colorIMG_39.png,326,191,428,230,Brick
colorIMG_39.png,328,167,429,205,Brick
colorIMG_39.png,332,144,435,180,Brick
colorIMG_39.png,429,158,537,196,Brick
colorIMG_39.png,429,181,532,221,Brick
colorIMG_39.png,423,204,530,249,Brick
colorIMG_39.png,419,232,523,271,Brick
colorIMG_39.png,422,260,526,298,Brick
colorIMG_39.png,420,281,525,325,Brick
colorIMG_39.png,410,308,514,346,Brick
colorIMG_39.png,409,332,514,373,Brick
colorIMG_184.png,366,336,468,407,Brick
colorIMG_184.png,354,313,456,385,Brick
colorIMG_184.png,343,291,443,363,Brick
colorIMG_184.png,329,270,428,342,Brick
colorIMG_184.png,316,249,416,319,Brick
colorIMG_184.png,303,229,402,298,Brick
colorIMG_184.png,291,207,389,277,Brick
colorIMG_184.png,277,185,376,255,Brick
colorIMG_184.png,365,141,463,207,Brick
colorIMG_184.png,378,161,475,228,Brick
colorIMG_184.png,390,182,488,250,Brick
colorIMG_184.png,404,200,504,270,Brick
colorIMG_184.png,416,222,515,292,Brick
colorIMG_184.png,430,243,530,313,Brick
colorIMG_184.png,444,265,542,336,Brick
colorIMG_184.png,456,288,554,360,Brick
colorIMG_116.png,328,144,432,171,Brick
colorIMG_116.png,431,144,533,173,Brick
colorIMG_116.png,326,192,428,219,Brick
colorIMG_116.png,329,168,429,195,Brick
colorIMG_116.png,431,169,534,197,Brick
colorIMG_116.png,430,194,533,223,Brick
colorIMG_116.png,411,220,513,247,Brick
colorIMG_116.png,311,217,413,244,Brick
colorIMG_116.png,308,241,408,269,Brick
colorIMG_116.png,409,243,511,272,Brick
colorIMG_116.png,320,268,421,292,Brick
colorIMG_116.png,422,269,524,302,Brick
colorIMG_116.png,420,293,524,330,Brick
colorIMG_116.png,318,292,420,316,Brick
colorIMG_116.png,317,317,418,345,Brick
colorIMG_116.png,417,316,522,365,Brick
colorIMG_200.png,313,335,417,382,Brick
colorIMG_200.png,311,310,415,358,Brick
colorIMG_200.png,308,285,412,331,Brick
colorIMG_200.png,302,259,406,306,Brick
colorIMG_200.png,306,235,409,279,Brick
colorIMG_200.png,294,214,396,258,Brick
colorIMG_200.png,288,190,390,234,Brick
colorIMG_200.png,283,166,385,209,Brick
colorIMG_200.png,379,143,480,189,Brick
colorIMG_200.png,384,166,486,213,Brick
colorIMG_200.png,391,190,493,236,Brick
colorIMG_200.png,404,211,507,259,Brick
colorIMG_200.png,402,239,504,285,Brick
colorIMG_200.png,408,263,510,309,Brick
colorIMG_200.png,411,288,514,336,Brick
colorIMG_200.png,412,313,516,361,Brick
colorIMG_98.png,310,317,414,354,Brick
colorIMG_98.png,317,290,422,330,Brick
colorIMG_98.png,321,266,425,305,Brick
colorIMG_98.png,325,243,428,284,Brick
colorIMG_98.png,324,216,431,258,Brick
colorIMG_98.png,327,193,432,233,Brick
colorIMG_98.png,328,170,431,208,Brick
colorIMG_98.png,329,146,432,184,Brick
colorIMG_98.png,431,152,534,179,Brick
colorIMG_98.png,429,176,531,201,Brick
colorIMG_98.png,429,202,535,227,Brick
colorIMG_98.png,426,228,531,256,Brick
colorIMG_98.png,424,249,530,286,Brick
colorIMG_98.png,423,275,527,311,Brick
colorIMG_98.png,416,297,525,345,Brick
colorIMG_98.png,412,321,520,369,Brick
colorIMG_155.png,400,354,486,445,Brick
colorIMG_155.png,383,335,469,427,Brick
colorIMG_155.png,366,314,452,407,Brick
colorIMG_155.png,348,297,433,389,Brick
colorIMG_155.png,329,281,413,372,Brick
colorIMG_155.png,310,266,392,357,Brick
colorIMG_155.png,289,250,372,342,Brick
colorIMG_155.png,269,236,352,327,Brick
colorIMG_155.png,465,274,547,365,Brick
colorIMG_155.png,450,253,533,345,Brick
colorIMG_155.png,431,238,513,327,Brick
colorIMG_155.png,413,221,496,310,Brick
colorIMG_155.png,393,205,478,295,Brick
colorIMG_155.png,373,191,456,280,Brick
colorIMG_155.png,334,161,415,250,Brick
colorIMG_155.png,354,175,435,265,Brick
colorIMG_49.png,337,335,440,365,Brick
colorIMG_49.png,333,302,435,336,Brick
colorIMG_49.png,327,276,434,310,Brick
colorIMG_49.png,328,253,434,285,Brick
colorIMG_49.png,329,224,436,261,Brick
colorIMG_49.png,335,201,437,235,Brick
colorIMG_49.png,333,177,434,209,Brick
colorIMG_49.png,335,151,440,184,Brick
colorIMG_49.png,434,161,538,191,Brick
colorIMG_49.png,433,187,538,215,Brick
colorIMG_49.png,432,212,535,239,Brick
colorIMG_49.png,431,239,535,264,Brick
colorIMG_49.png,430,263,534,291,Brick
colorIMG_49.png,429,286,534,315,Brick
colorIMG_49.png,434,311,538,342,Brick
colorIMG_49.png,441,340,544,369,Brick
colorIMG_112.png,416,331,521,380,Brick
colorIMG_112.png,314,333,415,360,Brick
colorIMG_112.png,317,303,421,334,Brick
colorIMG_112.png,418,305,522,356,Brick
colorIMG_112.png,420,273,525,321,Brick
colorIMG_112.png,320,277,421,303,Brick
colorIMG_112.png,323,244,426,279,Brick
colorIMG_112.png,424,250,530,286,Brick
colorIMG_112.png,326,217,428,254,Brick
colorIMG_112.png,427,227,529,254,Brick
colorIMG_112.png,431,202,533,228,Brick
colorIMG_112.png,329,190,431,230,Brick
colorIMG_112.png,329,166,431,205,Brick
colorIMG_112.png,322,139,425,180,Brick
colorIMG_112.png,431,152,533,178,Brick
colorIMG_112.png,430,177,532,203,Brick
colorIMG_196.png,335,347,439,401,Brick
colorIMG_196.png,326,323,430,378,Brick
colorIMG_196.png,318,299,422,354,Brick
colorIMG_196.png,311,275,416,329,Brick
colorIMG_196.png,304,253,407,306,Brick
colorIMG_196.png,295,232,398,283,Brick
colorIMG_196.png,289,205,391,259,Brick
colorIMG_196.png,283,178,385,232,Brick
colorIMG_196.png,432,320,536,371,Brick
colorIMG_196.png,425,295,528,347,Brick
colorIMG_196.png,416,273,518,322,Brick
colorIMG_196.png,408,248,510,298,Brick
colorIMG_196.png,399,223,503,275,Brick
colorIMG_196.png,392,200,495,252,Brick
colorIMG_196.png,385,177,487,227,Brick
colorIMG_196.png,380,154,482,202,Brick
colorIMG_181.png,376,330,476,401,Brick
colorIMG_181.png,366,309,466,379,Brick
colorIMG_181.png,351,287,451,358,Brick
colorIMG_181.png,338,265,438,336,Brick
colorIMG_181.png,324,246,424,314,Brick
colorIMG_181.png,314,223,413,292,Brick
colorIMG_181.png,303,200,402,268,Brick
colorIMG_181.png,292,180,391,248,Brick
colorIMG_181.png,466,285,566,352,Brick
colorIMG_181.png,454,263,554,330,Brick
colorIMG_181.png,439,243,540,308,Brick
colorIMG_181.png,426,221,526,287,Brick
colorIMG_181.png,413,198,514,266,Brick
colorIMG_181.png,401,176,499,244,Brick
colorIMG_181.png,391,154,489,222,Brick
colorIMG_181.png,379,131,475,200,Brick
colorIMG_10.png,324,149,429,176,Brick
colorIMG_10.png,325,175,428,201,Brick
colorIMG_10.png,324,198,428,226,Brick
colorIMG_10.png,324,224,427,252,Brick
colorIMG_10.png,324,249,426,276,Brick
colorIMG_10.png,322,273,427,303,Brick
colorIMG_10.png,321,300,428,328,Brick
colorIMG_10.png,322,325,425,356,Brick
colorIMG_10.png,425,327,529,355,Brick
colorIMG_10.png,426,301,528,329,Brick
colorIMG_10.png,425,276,528,304,Brick
colorIMG_10.png,425,250,528,279,Brick
colorIMG_10.png,426,226,526,256,Brick
colorIMG_10.png,426,201,529,234,Brick
colorIMG_10.png,426,178,529,207,Brick
colorIMG_10.png,426,152,529,180,Brick
colorIMG_167.png,412,298,494,392,Brick
colorIMG_167.png,392,284,474,377,Brick
colorIMG_167.png,373,267,455,360,Brick
colorIMG_167.png,354,250,436,344,Brick
colorIMG_167.png,333,236,415,329,Brick
colorIMG_167.png,314,221,395,314,Brick
colorIMG_167.png,296,207,377,298,Brick
colorIMG_167.png,276,192,357,284,Brick
colorIMG_167.png,474,222,557,313,Brick
colorIMG_167.png,455,207,536,297,Brick
colorIMG_167.png,436,191,517,281,Brick
colorIMG_167.png,417,173,498,265,Brick
colorIMG_167.png,396,160,477,251,Brick
colorIMG_167.png,377,146,457,236,Brick
colorIMG_167.png,358,130,438,220,Brick
colorIMG_167.png,337,115,419,204,Brick
colorIMG_156.png,403,351,488,446,Brick
colorIMG_156.png,383,334,469,428,Brick
colorIMG_156.png,366,313,452,406,Brick
colorIMG_156.png,347,296,433,389,Brick
colorIMG_156.png,327,281,413,373,Brick
colorIMG_156.png,308,264,395,354,Brick
colorIMG_156.png,468,274,549,366,Brick
colorIMG_156.png,452,252,532,344,Brick
colorIMG_156.png,433,237,514,327,Brick
colorIMG_156.png,413,221,497,309,Brick
colorIMG_156.png,394,204,479,294,Brick
colorIMG_156.png,375,189,459,277,Brick
colorIMG_156.png,358,169,441,258,Brick
colorIMG_156.png,334,160,416,249,Brick
colorIMG_156.png,287,245,377,331,Brick
colorIMG_156.png,253,235,348,313,Brick
colorIMG_8.png,330,325,434,354,Brick
colorIMG_8.png,329,297,432,327,Brick
colorIMG_8.png,330,272,433,300,Brick
colorIMG_8.png,326,248,431,277,Brick
colorIMG_8.png,328,222,433,251,Brick
colorIMG_8.png,326,196,429,227,Brick
colorIMG_8.png,323,171,426,203,Brick
colorIMG_8.png,322,148,425,176,Brick
colorIMG_8.png,432,327,535,354,Brick
colorIMG_8.png,431,302,534,328,Brick
colorIMG_8.png,431,275,536,305,Brick
colorIMG_8.png,429,251,535,278,Brick
colorIMG_8.png,429,228,530,254,Brick
colorIMG_8.png,428,201,532,230,Brick
colorIMG_8.png,424,177,527,204,Brick
colorIMG_8.png,424,153,527,180,Brick
colorIMG_182.png,377,333,476,406,Brick
colorIMG_182.png,366,310,465,384,Brick
colorIMG_182.png,354,287,451,361,Brick
colorIMG_182.png,340,266,438,340,Brick
colorIMG_182.png,326,244,424,319,Brick
colorIMG_182.png,315,222,413,297,Brick
colorIMG_182.png,304,200,402,272,Brick
colorIMG_182.png,291,180,390,248,Brick
colorIMG_182.png,466,291,568,353,Brick
colorIMG_182.png,455,269,557,330,Brick
colorIMG_182.png,441,248,543,309,Brick
colorIMG_182.png,426,225,530,286,Brick
colorIMG_182.png,414,204,517,265,Brick
colorIMG_182.png,402,183,502,242,Brick
colorIMG_182.png,390,155,488,220,Brick
colorIMG_182.png,378,132,475,199,Brick
colorIMG_60.png,323,332,425,369,Brick
colorIMG_60.png,326,300,428,340,Brick
colorIMG_60.png,316,271,424,313,Brick
colorIMG_60.png,327,250,433,287,Brick
colorIMG_60.png,332,224,436,262,Brick
colorIMG_60.png,335,201,441,238,Brick
colorIMG_60.png,337,176,441,216,Brick
colorIMG_60.png,339,152,442,190,Brick
colorIMG_60.png,453,158,557,214,Brick
colorIMG_60.png,445,185,549,235,Brick
colorIMG_60.png,437,210,543,260,Brick
colorIMG_60.png,433,235,538,286,Brick
colorIMG_60.png,428,258,535,312,Brick
colorIMG_60.png,421,288,527,331,Brick
colorIMG_60.png,422,316,527,359,Brick
colorIMG_60.png,423,346,526,383,Brick
colorIMG_110.png,410,324,510,398,Brick
colorIMG_110.png,417,299,520,365,Brick
colorIMG_110.png,421,274,526,320,Brick
colorIMG_110.png,423,250,528,285,Brick
colorIMG_110.png,427,227,530,254,Brick
colorIMG_110.png,430,202,533,228,Brick
colorIMG_110.png,430,175,531,203,Brick
colorIMG_110.png,431,152,532,179,Brick
colorIMG_110.png,309,320,412,353,Brick
colorIMG_110.png,315,293,419,329,Brick
colorIMG_110.png,320,268,424,305,Brick
colorIMG_110.png,323,243,426,280,Brick
colorIMG_110.png,326,216,428,255,Brick
colorIMG_110.png,328,189,432,231,Brick
colorIMG_110.png,329,165,431,206,Brick
colorIMG_110.png,321,138,425,180,Brick
colorIMG_75.png,334,344,442,385,Brick
colorIMG_75.png,333,317,437,352,Brick
colorIMG_75.png,337,290,440,324,Brick
colorIMG_75.png,336,262,440,292,Brick
colorIMG_75.png,335,235,438,267,Brick
colorIMG_75.png,339,210,442,240,Brick
colorIMG_75.png,344,182,446,212,Brick
colorIMG_75.png,342,153,445,182,Brick
colorIMG_75.png,456,145,560,208,Brick
colorIMG_75.png,444,180,551,229,Brick
colorIMG_75.png,438,209,543,257,Brick
colorIMG_75.png,438,233,545,283,Brick
colorIMG_75.png,436,264,545,308,Brick
colorIMG_75.png,437,290,542,337,Brick
colorIMG_75.png,433,320,540,361,Brick
colorIMG_75.png,440,345,546,392,Brick
colorIMG_35.png,310,317,414,354,Brick
colorIMG_35.png,308,292,414,330,Brick
colorIMG_35.png,314,265,417,304,Brick
colorIMG_35.png,318,242,425,279,Brick
colorIMG_35.png,317,214,423,254,Brick
colorIMG_35.png,325,188,425,226,Brick
colorIMG_35.png,328,161,430,203,Brick
colorIMG_35.png,327,137,430,178,Brick
colorIMG_35.png,410,331,514,370,Brick
colorIMG_35.png,412,303,515,345,Brick
colorIMG_35.png,414,280,517,321,Brick
colorIMG_35.png,418,251,522,296,Brick
colorIMG_35.png,420,226,523,265,Brick
colorIMG_35.png,421,200,530,240,Brick
colorIMG_35.png,427,177,532,210,Brick
colorIMG_35.png,427,153,532,184,Brick
colorIMG_137.png,324,137,361,238,Brick
colorIMG_137.png,353,136,386,236,Brick
colorIMG_137.png,380,139,409,237,Brick
colorIMG_137.png,406,136,433,238,Brick
colorIMG_137.png,431,140,459,242,Brick
colorIMG_137.png,456,141,486,243,Brick
colorIMG_137.png,484,143,511,245,Brick
colorIMG_137.png,510,142,540,244,Brick
colorIMG_137.png,508,243,538,346,Brick
colorIMG_137.png,483,244,514,346,Brick
colorIMG_137.png,456,245,482,346,Brick
colorIMG_137.png,429,241,455,343,Brick
colorIMG_137.png,405,237,430,339,Brick
colorIMG_137.png,376,238,403,341,Brick
colorIMG_137.png,352,236,376,337,Brick
colorIMG_137.png,324,237,351,338,Brick
colorIMG_70.png,341,344,445,375,Brick
colorIMG_70.png,340,315,441,349,Brick
colorIMG_70.png,338,291,441,323,Brick
colorIMG_70.png,339,260,443,290,Brick
colorIMG_70.png,335,236,440,266,Brick
colorIMG_70.png,341,206,445,237,Brick
colorIMG_70.png,344,182,444,212,Brick
colorIMG_70.png,341,152,444,186,Brick
colorIMG_70.png,447,151,554,206,Brick
colorIMG_70.png,445,182,550,233,Brick
colorIMG_70.png,440,215,545,255,Brick
colorIMG_70.png,437,239,543,279,Brick
colorIMG_70.png,440,265,547,307,Brick
colorIMG_70.png,441,293,543,330,Brick
colorIMG_70.png,440,319,546,358,Brick
colorIMG_70.png,442,346,546,381,Brick
